conversation_id,customer_id,session_id,created_at
conv_1,C00001,sess_C00001_1,2026-10-04T06:20:56.353Z
conv_2,C00002,sess_C00002_1,2026-10-04T06:49:43.927Z
conv_3,C00003,sess_C00003_1,2026-10-04T06:40:23.042Z
conv_4,C00003,sess_C00003_4,2026-09-25T06:43:15.288Z
conv_5,C00003,sess_C00003_7,2026-09-16T06:03:59.855Z
conv_6,C00003,sess_C00003_10,2026-09-07T06:40:22.942Z
conv_7,C00003,sess_C00003_13,2026-08-29T06:26:01.262Z
conv_8,C00003,sess_C00003_16,2026-08-20T05:57:56.786Z
conv_9,C00003,sess_C00003_19,2026-08-11T06:01:24.790Z
conv_10,C00003,sess_C00003_22,2026-08-02T06:03:27.704Z
conv_11,C00003,sess_C00003_25,2026-07-24T06:35:30.756Z
conv_12,C00003,sess_C00003_28,2026-07-15T06:18:33.531Z
conv_13,C00003,sess_C00003_31,2026-07-06T06:43:03.251Z
conv_14,C00003,sess_C00003_34,2026-06-27T06:32:08.292Z
conv_15,C00003,sess_C00003_37,2026-06-18T06:31:59.743Z
conv_16,C00003,sess_C00003_40,2026-06-09T06:30:16.995Z
conv_17,C00003,sess_C00003_43,2026-05-31T06:42:46.458Z
conv_18,C00003,sess_C00003_46,2026-05-22T06:17:24.962Z
conv_19,C00003,sess_C00003_49,2026-05-13T05:55:29.408Z
conv_20,C00003,sess_C00003_52,2026-05-04T06:45:19.802Z
conv_21,C00003,sess_C00003_55,2026-04-25T05:50:58.698Z
conv_22,C00003,sess_C00003_58,2026-04-16T06:12:10.139Z
conv_23,C00003,sess_C00003_61,2026-04-07T06:39:21.484Z
conv_24,C00003,sess_C00003_64,2026-03-29T05:57:18.454Z
conv_25,C00003,sess_C00003_67,2026-03-20T06:24:22.020Z
conv_26,C00003,sess_C00003_70,2026-03-11T06:45:17.227Z
conv_27,C00003,sess_C00003_73,2026-03-02T06:32:46.495Z
conv_28,C00003,sess_C00003_76,2026-02-21T06:30:47.305Z
conv_29,C00003,sess_C00003_79,2026-02-12T05:53:27.600Z
conv_30,C00003,sess_C00003_82,2026-02-03T06:03:31.878Z
conv_31,C00003,sess_C00003_85,2026-01-25T05:59:31.404Z
conv_32,C00003,sess_C00003_88,2026-01-16T06:00:49.731Z
conv_33,C00003,sess_C00003_91,2026-01-07T06:00:55.244Z
conv_34,C00003,sess_C00003_94,2025-12-29T06:39:10.818Z
conv_35,C00003,sess_C00003_97,2025-12-20T06:38:50.078Z
conv_36,C00003,sess_C00003_100,2025-12-11T05:52:45.793Z
conv_37,C00004,sess_C00004_1,2026-10-04T06:17:06.367Z
conv_38,C00005,sess_C00005_1,2026-10-04T05:57:17.675Z
conv_39,C00005,sess_C00005_4,2026-09-25T06:24:13.478Z
conv_40,C00005,sess_C00005_7,2026-09-16T06:06:48.473Z
conv_41,C00005,sess_C00005_10,2026-09-07T06:41:40.092Z
conv_42,C00006,sess_C00006_1,2026-10-04T06:24:26.367Z
conv_43,C00006,sess_C00006_4,2026-09-25T06:25:57.296Z
conv_44,C00007,sess_C00007_1,2026-10-04T05:55:05.869Z
conv_45,C00007,sess_C00007_4,2026-09-25T06:28:07.396Z
conv_46,C00007,sess_C00007_7,2026-09-16T06:46:17.971Z
conv_47,C00007,sess_C00007_10,2026-09-07T06:39:41.860Z
conv_48,C00007,sess_C00007_13,2026-08-29T05:57:09.306Z
conv_49,C00007,sess_C00007_16,2026-08-20T05:54:49.051Z
conv_50,C00008,sess_C00008_1,2026-10-04T06:21:53.067Z
conv_51,C00008,sess_C00008_4,2026-09-25T06:27:29.781Z
conv_52,C00008,sess_C00008_7,2026-09-16T06:17:51.771Z
conv_53,C00008,sess_C00008_10,2026-09-07T06:42:21.085Z
conv_54,C00009,sess_C00009_1,2026-10-04T06:08:32.462Z
conv_55,C00009,sess_C00009_4,2026-09-25T06:38:16.430Z
conv_56,C00009,sess_C00009_7,2026-09-16T06:10:38.964Z
conv_57,C00009,sess_C00009_10,2026-09-07T06:48:12.306Z
conv_58,C00009,sess_C00009_13,2026-08-29T06:07:44.141Z
conv_59,C00009,sess_C00009_16,2026-08-20T06:25:45.275Z
conv_60,C00010,sess_C00010_1,2026-10-04T06:38:57.682Z
conv_61,C00010,sess_C00010_4,2026-09-25T06:21:40.381Z
conv_62,C00010,sess_C00010_7,2026-09-16T06:26:57.314Z
conv_63,C00011,sess_C00011_1,2026-10-04T06:45:55.347Z
conv_64,C00011,sess_C00011_4,2026-09-25T06:29:33.854Z
conv_65,C00012,sess_C00012_1,2026-10-04T06:00:49.980Z
conv_66,C00012,sess_C00012_4,2026-09-25T06:14:41.587Z
conv_67,C00013,sess_C00013_1,2026-10-04T06:28:09.036Z
conv_68,C00013,sess_C00013_4,2026-09-25T06:35:27.513Z
conv_69,C00013,sess_C00013_7,2026-09-16T06:32:38.040Z
conv_70,C00014,sess_C00014_1,2026-10-04T06:15:07.099Z
conv_71,C00014,sess_C00014_4,2026-09-25T06:40:13.383Z
conv_72,C00014,sess_C00014_7,2026-09-16T06:13:48.580Z
conv_73,C00015,sess_C00015_1,2026-10-04T06:43:11.903Z
conv_74,C00015,sess_C00015_4,2026-09-25T06:36:26.771Z
conv_75,C00015,sess_C00015_7,2026-09-16T06:32:17.205Z
conv_76,C00015,sess_C00015_10,2026-09-07T06:24:04.989Z
conv_77,C00015,sess_C00015_13,2026-08-29T06:45:21.093Z
conv_78,C00015,sess_C00015_16,2026-08-20T06:37:17.717Z
conv_79,C00016,sess_C00016_1,2026-10-04T06:08:44.881Z
conv_80,C00017,sess_C00017_1,2026-10-04T05:53:14.973Z
conv_81,C00017,sess_C00017_4,2026-09-25T06:17:51.318Z
conv_82,C00017,sess_C00017_7,2026-09-16T06:35:56.995Z
conv_83,C00017,sess_C00017_10,2026-09-07T06:28:40.899Z
conv_84,C00018,sess_C00018_1,2026-10-04T05:56:15.623Z
conv_85,C00018,sess_C00018_4,2026-09-25T05:57:10.197Z
conv_86,C00018,sess_C00018_7,2026-09-16T06:33:29.042Z
conv_87,C00018,sess_C00018_10,2026-09-07T05:53:16.326Z
conv_88,C00018,sess_C00018_13,2026-08-29T06:13:08.671Z
conv_89,C00018,sess_C00018_16,2026-08-20T06:26:33.072Z
conv_90,C00019,sess_C00019_1,2026-10-04T06:15:30.191Z
conv_91,C00019,sess_C00019_4,2026-09-25T05:58:26.566Z
conv_92,C00019,sess_C00019_7,2026-09-16T06:33:11.738Z
conv_93,C00020,sess_C00020_1,2026-10-04T06:18:12.123Z
conv_94,C00020,sess_C00020_4,2026-09-25T06:27:26.200Z
conv_95,C00021,sess_C00021_1,2026-10-04T06:13:55.728Z
conv_96,C00021,sess_C00021_4,2026-09-25T06:06:09.013Z
conv_97,C00021,sess_C00021_7,2026-09-16T06:11:40.640Z
conv_98,C00021,sess_C00021_10,2026-09-07T06:01:22.961Z
conv_99,C00021,sess_C00021_13,2026-08-29T06:40:37.450Z
conv_100,C00022,sess_C00022_1,2026-10-04T05:54:42.212Z
conv_101,C00022,sess_C00022_4,2026-09-25T05:50:51.979Z
conv_102,C00023,sess_C00023_1,2026-10-04T05:53:52.048Z
conv_103,C00023,sess_C00023_4,2026-09-25T06:45:01.194Z
conv_104,C00024,sess_C00024_1,2026-10-04T06:10:35.233Z
conv_105,C00024,sess_C00024_4,2026-09-25T06:36:48.378Z
conv_106,C00024,sess_C00024_7,2026-09-16T05:59:00.568Z
conv_107,C00024,sess_C00024_10,2026-09-07T06:50:14.840Z
conv_108,C00025,sess_C00025_1,2026-10-04T06:25:13.102Z
conv_109,C00025,sess_C00025_4,2026-09-25T06:40:17.957Z
conv_110,C00026,sess_C00026_1,2026-10-04T06:33:57.304Z
conv_111,C00026,sess_C00026_4,2026-09-25T06:19:18.945Z
conv_112,C00026,sess_C00026_7,2026-09-16T06:14:57.866Z
conv_113,C00026,sess_C00026_10,2026-09-07T06:21:06.675Z
conv_114,C00026,sess_C00026_13,2026-08-29T06:31:44.096Z
conv_115,C00027,sess_C00027_1,2026-10-04T06:27:24.829Z
conv_116,C00027,sess_C00027_4,2026-09-25T06:46:00.648Z
conv_117,C00028,sess_C00028_1,2026-10-04T06:26:13.099Z
conv_118,C00028,sess_C00028_4,2026-09-25T05:53:21.557Z
conv_119,C00028,sess_C00028_7,2026-09-16T06:35:33.748Z
conv_120,C00028,sess_C00028_10,2026-09-07T06:41:53.596Z
conv_121,C00028,sess_C00028_13,2026-08-29T06:13:30.923Z
conv_122,C00028,sess_C00028_16,2026-08-20T06:35:38.994Z
conv_123,C00029,sess_C00029_1,2026-10-04T06:06:18.950Z
conv_124,C00029,sess_C00029_4,2026-09-25T06:34:45.326Z
conv_125,C00029,sess_C00029_7,2026-09-16T06:23:58.209Z
conv_126,C00029,sess_C00029_10,2026-09-07T06:07:41.098Z
conv_127,C00030,sess_C00030_1,2026-10-04T05:58:40.030Z
conv_128,C00030,sess_C00030_4,2026-09-25T05:58:51.927Z
conv_129,C00030,sess_C00030_7,2026-09-16T06:26:09.353Z
conv_130,C00030,sess_C00030_10,2026-09-07T05:57:06.220Z
conv_131,C00031,sess_C00031_1,2026-10-04T06:14:49.459Z
conv_132,C00031,sess_C00031_4,2026-09-25T06:19:40.330Z
conv_133,C00031,sess_C00031_7,2026-09-16T06:24:55.864Z
conv_134,C00032,sess_C00032_1,2026-10-04T06:45:37.345Z
conv_135,C00032,sess_C00032_4,2026-09-25T06:16:29.820Z
conv_136,C00032,sess_C00032_7,2026-09-16T06:41:57.913Z
conv_137,C00032,sess_C00032_10,2026-09-07T06:48:56.809Z
conv_138,C00033,sess_C00033_1,2026-10-04T06:28:21.501Z
conv_139,C00033,sess_C00033_4,2026-09-25T06:43:31.781Z
conv_140,C00033,sess_C00033_7,2026-09-16T06:23:18.558Z
conv_141,C00033,sess_C00033_10,2026-09-07T06:03:28.621Z
conv_142,C00033,sess_C00033_13,2026-08-29T05:53:04.573Z
conv_143,C00033,sess_C00033_16,2026-08-20T06:14:55.029Z
conv_144,C00034,sess_C00034_1,2026-10-04T06:11:07.050Z
conv_145,C00034,sess_C00034_4,2026-09-25T06:18:38.099Z
conv_146,C00034,sess_C00034_7,2026-09-16T06:09:00.797Z
conv_147,C00035,sess_C00035_1,2026-10-04T06:32:09.495Z
conv_148,C00035,sess_C00035_4,2026-09-25T06:28:16.933Z
conv_149,C00035,sess_C00035_7,2026-09-16T05:55:33.127Z
conv_150,C00036,sess_C00036_1,2026-10-04T06:34:18.755Z
conv_151,C00036,sess_C00036_4,2026-09-25T05:54:20.971Z
conv_152,C00036,sess_C00036_7,2026-09-16T06:39:18.844Z
conv_153,C00037,sess_C00037_1,2026-10-04T06:08:55.978Z
conv_154,C00037,sess_C00037_4,2026-09-25T06:38:20.921Z
conv_155,C00037,sess_C00037_7,2026-09-16T06:47:03.011Z
conv_156,C00037,sess_C00037_10,2026-09-07T06:32:12.954Z
conv_157,C00037,sess_C00037_13,2026-08-29T06:34:31.308Z
conv_158,C00037,sess_C00037_16,2026-08-20T06:23:12.729Z
conv_159,C00038,sess_C00038_1,2026-10-04T06:25:10.041Z
conv_160,C00038,sess_C00038_4,2026-09-25T06:09:50.943Z
conv_161,C00039,sess_C00039_1,2026-10-04T05:56:14.854Z
conv_162,C00039,sess_C00039_4,2026-09-25T06:43:33.180Z
conv_163,C00040,sess_C00040_1,2026-10-04T06:21:37.654Z
conv_164,C00040,sess_C00040_4,2026-09-25T06:39:06.024Z
conv_165,C00041,sess_C00041_1,2026-10-04T06:09:38.254Z
conv_166,C00041,sess_C00041_4,2026-09-25T06:06:06.895Z
conv_167,C00041,sess_C00041_7,2026-09-16T06:05:47.909Z
conv_168,C00041,sess_C00041_10,2026-09-07T06:14:13.819Z
conv_169,C00041,sess_C00041_13,2026-08-29T06:37:23.277Z
conv_170,C00041,sess_C00041_16,2026-08-20T06:06:07.913Z
conv_171,C00042,sess_C00042_1,2026-10-04T06:19:24.843Z
conv_172,C00042,sess_C00042_4,2026-09-25T06:43:56.046Z
conv_173,C00042,sess_C00042_7,2026-09-16T06:36:06.083Z
conv_174,C00042,sess_C00042_10,2026-09-07T06:35:21.536Z
conv_175,C00042,sess_C00042_13,2026-08-29T06:31:01.624Z
conv_176,C00043,sess_C00043_1,2026-10-04T06:05:27.611Z
conv_177,C00043,sess_C00043_4,2026-09-25T06:00:44.732Z
conv_178,C00043,sess_C00043_7,2026-09-16T06:02:55.917Z
conv_179,C00043,sess_C00043_10,2026-09-07T06:10:16.566Z
conv_180,C00043,sess_C00043_13,2026-08-29T06:23:41.663Z
conv_181,C00043,sess_C00043_16,2026-08-20T06:32:09.364Z
conv_182,C00044,sess_C00044_1,2026-10-04T06:02:39.301Z
conv_183,C00044,sess_C00044_4,2026-09-25T05:56:01.400Z
conv_184,C00044,sess_C00044_7,2026-09-16T06:24:32.819Z
conv_185,C00044,sess_C00044_10,2026-09-07T05:59:51.422Z
conv_186,C00045,sess_C00045_1,2026-10-04T06:46:10.868Z
conv_187,C00045,sess_C00045_4,2026-09-25T06:32:39.052Z
conv_188,C00045,sess_C00045_7,2026-09-16T06:09:00.798Z
conv_189,C00046,sess_C00046_1,2026-10-04T06:07:09.211Z
conv_190,C00046,sess_C00046_4,2026-09-25T06:11:35.439Z
conv_191,C00046,sess_C00046_7,2026-09-16T06:00:26.629Z
conv_192,C00046,sess_C00046_10,2026-09-07T06:42:00.864Z
conv_193,C00047,sess_C00047_1,2026-10-04T06:21:10.472Z
conv_194,C00047,sess_C00047_4,2026-09-25T06:00:51.714Z
conv_195,C00047,sess_C00047_7,2026-09-16T05:57:46.307Z
conv_196,C00047,sess_C00047_10,2026-09-07T06:00:00.359Z
conv_197,C00047,sess_C00047_13,2026-08-29T06:09:10.142Z
conv_198,C00047,sess_C00047_16,2026-08-20T06:06:33.894Z
conv_199,C00048,sess_C00048_1,2026-10-04T06:26:56.764Z
conv_200,C00048,sess_C00048_4,2026-09-25T06:00:36.601Z
conv_201,C00048,sess_C00048_7,2026-09-16T06:02:41.469Z
conv_202,C00048,sess_C00048_10,2026-09-07T06:03:20.211Z
conv_203,C00048,sess_C00048_13,2026-08-29T05:54:33.439Z
conv_204,C00049,sess_C00049_1,2026-10-04T06:12:45.881Z
conv_205,C00049,sess_C00049_4,2026-09-25T06:39:52.399Z
conv_206,C00049,sess_C00049_7,2026-09-16T06:49:59.123Z
conv_207,C00049,sess_C00049_10,2026-09-07T06:41:50.080Z
conv_208,C00049,sess_C00049_13,2026-08-29T06:02:01.666Z
conv_209,C00049,sess_C00049_16,2026-08-20T06:16:49.558Z
conv_210,C00050,sess_C00050_1,2026-10-04T06:27:55.313Z
conv_211,C00050,sess_C00050_4,2026-09-25T06:43:01.762Z
conv_212,C00050,sess_C00050_7,2026-09-16T06:36:17.193Z
conv_213,C00050,sess_C00050_10,2026-09-07T06:05:39.220Z
conv_214,C00050,sess_C00050_13,2026-08-29T05:50:46.257Z
conv_215,C00051,sess_C00051_1,2026-10-04T06:28:13.831Z
conv_216,C00051,sess_C00051_4,2026-09-25T06:32:31.590Z
conv_217,C00051,sess_C00051_7,2026-09-16T06:08:32.451Z
conv_218,C00051,sess_C00051_10,2026-09-07T06:21:18.773Z
conv_219,C00052,sess_C00052_1,2026-10-04T06:40:13.665Z
conv_220,C00052,sess_C00052_4,2026-09-25T05:57:54.598Z
conv_221,C00052,sess_C00052_7,2026-09-16T06:11:23.382Z
conv_222,C00052,sess_C00052_10,2026-09-07T06:13:56.173Z
conv_223,C00053,sess_C00053_1,2026-10-04T05:51:45.686Z
conv_224,C00053,sess_C00053_4,2026-09-25T06:26:47.129Z
conv_225,C00054,sess_C00054_1,2026-10-04T06:18:25.295Z
conv_226,C00054,sess_C00054_4,2026-09-25T06:48:56.421Z
conv_227,C00055,sess_C00055_1,2026-10-04T06:07:20.749Z
conv_228,C00055,sess_C00055_4,2026-09-25T06:20:36.570Z
conv_229,C00055,sess_C00055_7,2026-09-16T06:20:53.851Z
conv_230,C00056,sess_C00056_1,2026-10-04T06:04:26.953Z
conv_231,C00056,sess_C00056_4,2026-09-25T06:13:53.786Z
conv_232,C00056,sess_C00056_7,2026-09-16T06:37:43.846Z
conv_233,C00056,sess_C00056_10,2026-09-07T06:05:42.128Z
conv_234,C00057,sess_C00057_1,2026-10-04T06:03:36.245Z
conv_235,C00057,sess_C00057_4,2026-09-25T06:23:18.817Z
conv_236,C00058,sess_C00058_1,2026-10-04T06:04:43.496Z
conv_237,C00058,sess_C00058_4,2026-09-25T06:40:12.886Z
conv_238,C00058,sess_C00058_7,2026-09-16T05:56:41.060Z
conv_239,C00058,sess_C00058_10,2026-09-07T06:02:17.740Z
conv_240,C00059,sess_C00059_1,2026-10-04T06:33:44.945Z
conv_241,C00059,sess_C00059_4,2026-09-25T06:11:24.177Z
conv_242,C00060,sess_C00060_1,2026-10-04T05:55:37.934Z
conv_243,C00060,sess_C00060_4,2026-09-25T06:40:48.175Z
conv_244,C00060,sess_C00060_7,2026-09-16T06:01:12.902Z
conv_245,C00060,sess_C00060_10,2026-09-07T06:24:13.044Z
conv_246,C00060,sess_C00060_13,2026-08-29T06:28:28.537Z
conv_247,C00061,sess_C00061_1,2026-10-04T06:20:32.578Z
conv_248,C00061,sess_C00061_4,2026-09-25T06:04:08.353Z
conv_249,C00061,sess_C00061_7,2026-09-16T06:27:00.255Z
conv_250,C00061,sess_C00061_10,2026-09-07T06:42:40.483Z
conv_251,C00062,sess_C00062_1,2026-10-04T06:33:17.012Z
conv_252,C00062,sess_C00062_4,2026-09-25T06:49:52.548Z
conv_253,C00062,sess_C00062_7,2026-09-16T06:34:32.432Z
conv_254,C00062,sess_C00062_10,2026-09-07T06:45:59.642Z
conv_255,C00062,sess_C00062_13,2026-08-29T06:24:58.575Z
conv_256,C00063,sess_C00063_1,2026-10-04T05:54:52.615Z
conv_257,C00063,sess_C00063_4,2026-09-25T06:41:32.578Z
conv_258,C00063,sess_C00063_7,2026-09-16T05:59:01.247Z
conv_259,C00063,sess_C00063_10,2026-09-07T06:20:43.075Z
conv_260,C00064,sess_C00064_1,2026-10-04T06:10:32.945Z
conv_261,C00064,sess_C00064_4,2026-09-25T06:42:19.833Z
conv_262,C00064,sess_C00064_7,2026-09-16T06:32:24.529Z
conv_263,C00064,sess_C00064_10,2026-09-07T06:37:40.727Z
conv_264,C00065,sess_C00065_1,2026-10-04T05:51:53.060Z
conv_265,C00065,sess_C00065_4,2026-09-25T06:33:04.739Z
conv_266,C00066,sess_C00066_1,2026-10-04T06:32:30.304Z
conv_267,C00066,sess_C00066_4,2026-09-25T06:30:58.757Z
conv_268,C00066,sess_C00066_7,2026-09-16T05:55:52.424Z
conv_269,C00067,sess_C00067_1,2026-10-04T06:28:14.517Z
conv_270,C00067,sess_C00067_4,2026-09-25T05:52:36.952Z
conv_271,C00067,sess_C00067_7,2026-09-16T06:48:14.120Z
conv_272,C00067,sess_C00067_10,2026-09-07T05:53:23.376Z
conv_273,C00068,sess_C00068_1,2026-10-04T06:48:26.040Z
conv_274,C00068,sess_C00068_4,2026-09-25T06:17:33.378Z
conv_275,C00068,sess_C00068_7,2026-09-16T06:03:36.358Z
conv_276,C00068,sess_C00068_10,2026-09-07T06:13:58.022Z
conv_277,C00068,sess_C00068_13,2026-08-29T06:08:13.682Z
conv_278,C00069,sess_C00069_1,2026-10-04T05:51:29.220Z
conv_279,C00069,sess_C00069_4,2026-09-25T06:18:07.804Z
conv_280,C00070,sess_C00070_1,2026-10-04T06:20:45.325Z
conv_281,C00070,sess_C00070_4,2026-09-25T06:36:48.065Z
conv_282,C00070,sess_C00070_7,2026-09-16T06:40:18.532Z
conv_283,C00070,sess_C00070_10,2026-09-07T05:54:33.922Z
conv_284,C00071,sess_C00071_1,2026-10-04T05:51:49.957Z
conv_285,C00071,sess_C00071_4,2026-09-25T06:08:55.627Z
conv_286,C00071,sess_C00071_7,2026-09-16T06:22:03.904Z
conv_287,C00071,sess_C00071_10,2026-09-07T06:30:24.969Z
conv_288,C00071,sess_C00071_13,2026-08-29T06:45:00.946Z
conv_289,C00072,sess_C00072_1,2026-10-04T06:24:15.882Z
conv_290,C00072,sess_C00072_4,2026-09-25T06:49:23.014Z
conv_291,C00072,sess_C00072_7,2026-09-16T05:57:21.357Z
conv_292,C00072,sess_C00072_10,2026-09-07T06:14:50.574Z
conv_293,C00072,sess_C00072_13,2026-08-29T06:42:48.222Z
conv_294,C00072,sess_C00072_16,2026-08-20T06:09:38.212Z
conv_295,C00073,sess_C00073_1,2026-10-04T06:00:07.003Z
conv_296,C00073,sess_C00073_4,2026-09-25T06:28:02.758Z
conv_297,C00074,sess_C00074_1,2026-10-04T05:57:48.163Z
conv_298,C00074,sess_C00074_4,2026-09-25T06:39:22.756Z
conv_299,C00074,sess_C00074_7,2026-09-16T06:49:58.369Z
conv_300,C00074,sess_C00074_10,2026-09-07T06:29:15.490Z
conv_301,C00074,sess_C00074_13,2026-08-29T06:29:05.631Z
conv_302,C00074,sess_C00074_16,2026-08-20T06:29:16.767Z
conv_303,C00075,sess_C00075_1,2026-10-04T06:01:52.741Z
conv_304,C00075,sess_C00075_4,2026-09-25T06:33:35.925Z
conv_305,C00075,sess_C00075_7,2026-09-16T06:33:32.162Z
conv_306,C00076,sess_C00076_1,2026-10-04T06:30:47.796Z
conv_307,C00076,sess_C00076_4,2026-09-25T06:46:04.771Z
conv_308,C00077,sess_C00077_1,2026-10-04T06:05:32.849Z
conv_309,C00077,sess_C00077_4,2026-09-25T06:20:59.516Z
conv_310,C00077,sess_C00077_7,2026-09-16T06:28:18.938Z
conv_311,C00077,sess_C00077_10,2026-09-07T06:48:35.359Z
conv_312,C00077,sess_C00077_13,2026-08-29T06:05:02.757Z
conv_313,C00078,sess_C00078_1,2026-10-04T06:00:51.476Z
conv_314,C00078,sess_C00078_4,2026-09-25T05:56:21.671Z
conv_315,C00078,sess_C00078_7,2026-09-16T06:46:29.016Z
conv_316,C00078,sess_C00078_10,2026-09-07T06:10:28.897Z
conv_317,C00078,sess_C00078_13,2026-08-29T06:47:40.896Z
conv_318,C00079,sess_C00079_1,2026-10-04T06:43:51.199Z
conv_319,C00079,sess_C00079_4,2026-09-25T06:08:27.080Z
conv_320,C00079,sess_C00079_7,2026-09-16T06:05:33.505Z
conv_321,C00079,sess_C00079_10,2026-09-07T06:34:23.869Z
conv_322,C00080,sess_C00080_1,2026-10-04T06:03:45.428Z
conv_323,C00080,sess_C00080_4,2026-09-25T06:42:28.015Z
conv_324,C00080,sess_C00080_7,2026-09-16T05:53:06.661Z
conv_325,C00080,sess_C00080_10,2026-09-07T06:09:43.705Z
conv_326,C00081,sess_C00081_1,2026-10-04T06:27:14.881Z
conv_327,C00081,sess_C00081_4,2026-09-25T05:59:53.632Z
conv_328,C00081,sess_C00081_7,2026-09-16T06:00:19.711Z
conv_329,C00082,sess_C00082_1,2026-10-04T06:01:48.113Z
conv_330,C00082,sess_C00082_4,2026-09-25T05:53:01.142Z
conv_331,C00082,sess_C00082_7,2026-09-16T06:14:26.636Z
conv_332,C00082,sess_C00082_10,2026-09-07T06:35:40.416Z
conv_333,C00082,sess_C00082_13,2026-08-29T06:40:50.367Z
conv_334,C00083,sess_C00083_1,2026-10-04T06:38:58.976Z
conv_335,C00083,sess_C00083_4,2026-09-25T05:56:20.324Z
conv_336,C00083,sess_C00083_7,2026-09-16T06:39:23.415Z
conv_337,C00084,sess_C00084_1,2026-10-04T06:49:15.111Z
conv_338,C00084,sess_C00084_4,2026-09-25T06:49:42.732Z
conv_339,C00084,sess_C00084_7,2026-09-16T05:54:12.754Z
conv_340,C00084,sess_C00084_10,2026-09-07T06:12:58.979Z
conv_341,C00085,sess_C00085_1,2026-10-04T06:14:33.452Z
conv_342,C00085,sess_C00085_4,2026-09-25T06:28:58.729Z
conv_343,C00086,sess_C00086_1,2026-10-04T06:45:57.796Z
conv_344,C00086,sess_C00086_4,2026-09-25T06:34:54.952Z
conv_345,C00087,sess_C00087_1,2026-10-04T06:17:47.918Z
conv_346,C00087,sess_C00087_4,2026-09-25T06:23:37.883Z
conv_347,C00088,sess_C00088_1,2026-10-04T06:49:23.665Z
conv_348,C00088,sess_C00088_4,2026-09-25T06:12:50.378Z
conv_349,C00089,sess_C00089_1,2026-10-04T06:37:17.667Z
conv_350,C00090,sess_C00090_1,2026-10-04T06:13:43.405Z
conv_351,C00090,sess_C00090_4,2026-09-25T06:34:45.811Z
conv_352,C00090,sess_C00090_7,2026-09-16T06:05:16.789Z
conv_353,C00090,sess_C00090_10,2026-09-07T06:40:26.131Z
conv_354,C00091,sess_C00091_1,2026-10-04T05:56:04.755Z
conv_355,C00091,sess_C00091_4,2026-09-25T06:25:03.112Z
conv_356,C00091,sess_C00091_7,2026-09-16T06:48:54.561Z
conv_357,C00091,sess_C00091_10,2026-09-07T06:05:09.144Z
conv_358,C00091,sess_C00091_13,2026-08-29T05:51:11.247Z
conv_359,C00092,sess_C00092_1,2026-10-04T06:21:36.738Z
conv_360,C00092,sess_C00092_4,2026-09-25T05:52:14.591Z
conv_361,C00092,sess_C00092_7,2026-09-16T06:32:26.958Z
conv_362,C00092,sess_C00092_10,2026-09-07T06:29:58.216Z
conv_363,C00093,sess_C00093_1,2026-10-04T06:25:33.303Z
conv_364,C00093,sess_C00093_4,2026-09-25T06:22:48.608Z
conv_365,C00093,sess_C00093_7,2026-09-16T06:21:00.626Z
conv_366,C00093,sess_C00093_10,2026-09-07T06:07:15.538Z
conv_367,C00093,sess_C00093_13,2026-08-29T05:57:39.127Z
conv_368,C00094,sess_C00094_1,2026-10-04T06:32:09.721Z
conv_369,C00094,sess_C00094_4,2026-09-25T06:27:54.572Z
conv_370,C00094,sess_C00094_7,2026-09-16T06:45:26.803Z
conv_371,C00094,sess_C00094_10,2026-09-07T06:40:41.695Z
conv_372,C00094,sess_C00094_13,2026-08-29T05:56:31.350Z
conv_373,C00095,sess_C00095_1,2026-10-04T06:31:24.321Z
conv_374,C00096,sess_C00096_1,2026-10-04T05:57:49.931Z
conv_375,C00096,sess_C00096_4,2026-09-25T06:30:49.965Z
conv_376,C00096,sess_C00096_7,2026-09-16T06:46:22.633Z
conv_377,C00096,sess_C00096_10,2026-09-07T06:05:39.916Z
conv_378,C00096,sess_C00096_13,2026-08-29T06:15:59.588Z
conv_379,C00096,sess_C00096_16,2026-08-20T06:20:00.885Z
conv_380,C00097,sess_C00097_1,2026-10-04T06:36:42.276Z
conv_381,C00097,sess_C00097_4,2026-09-25T06:29:44.745Z
conv_382,C00097,sess_C00097_7,2026-09-16T06:03:22.466Z
conv_383,C00097,sess_C00097_10,2026-09-07T06:46:24.136Z
conv_384,C00097,sess_C00097_13,2026-08-29T06:16:40.215Z
conv_385,C00098,sess_C00098_1,2026-10-04T05:58:27.991Z
conv_386,C00098,sess_C00098_4,2026-09-25T06:08:35.611Z
conv_387,C00098,sess_C00098_7,2026-09-16T06:01:45.286Z
conv_388,C00098,sess_C00098_10,2026-09-07T06:24:26.709Z
conv_389,C00099,sess_C00099_1,2026-10-04T06:44:03.844Z
conv_390,C00099,sess_C00099_4,2026-09-25T06:45:32.288Z
conv_391,C00099,sess_C00099_7,2026-09-16T06:32:06.886Z
conv_392,C00099,sess_C00099_10,2026-09-07T06:04:10.123Z
conv_393,C00100,sess_C00100_1,2026-10-04T06:38:58.925Z
conv_394,C00100,sess_C00100_4,2026-09-25T06:34:10.050Z
conv_395,C00100,sess_C00100_7,2026-09-16T06:18:07.443Z
conv_396,C00100,sess_C00100_10,2026-09-07T06:18:00.253Z
conv_397,C00100,sess_C00100_13,2026-08-29T06:33:20.743Z
conv_398,C00101,sess_C00101_1,2026-10-04T06:15:30.807Z
conv_399,C00101,sess_C00101_4,2026-09-25T06:42:34.477Z
conv_400,C00101,sess_C00101_7,2026-09-16T05:52:27.676Z
conv_401,C00102,sess_C00102_1,2026-10-04T06:04:29.515Z
conv_402,C00102,sess_C00102_4,2026-09-25T06:24:40.890Z
conv_403,C00102,sess_C00102_7,2026-09-16T06:16:58.475Z
conv_404,C00102,sess_C00102_10,2026-09-07T05:52:21.354Z
conv_405,C00102,sess_C00102_13,2026-08-29T05:52:51.596Z
conv_406,C00102,sess_C00102_16,2026-08-20T06:11:43.069Z
conv_407,C00103,sess_C00103_1,2026-10-04T06:23:22.031Z
conv_408,C00103,sess_C00103_4,2026-09-25T06:28:39.179Z
conv_409,C00104,sess_C00104_1,2026-10-04T06:40:36.823Z
conv_410,C00105,sess_C00105_1,2026-10-04T05:53:01.913Z
conv_411,C00105,sess_C00105_4,2026-09-25T06:44:49.839Z
conv_412,C00105,sess_C00105_7,2026-09-16T06:42:02.558Z
conv_413,C00105,sess_C00105_10,2026-09-07T06:47:35.513Z
conv_414,C00106,sess_C00106_1,2026-10-04T06:04:23.472Z
conv_415,C00106,sess_C00106_4,2026-09-25T06:13:09.431Z
conv_416,C00106,sess_C00106_7,2026-09-16T06:07:10.416Z
conv_417,C00106,sess_C00106_10,2026-09-07T06:18:26.043Z
conv_418,C00107,sess_C00107_1,2026-10-04T06:06:58.013Z
conv_419,C00108,sess_C00108_1,2026-10-04T06:12:13.697Z
conv_420,C00108,sess_C00108_4,2026-09-25T06:27:17.531Z
conv_421,C00108,sess_C00108_7,2026-09-16T06:33:32.255Z
conv_422,C00108,sess_C00108_10,2026-09-07T06:50:00.946Z
conv_423,C00109,sess_C00109_1,2026-10-04T06:24:48.706Z
conv_424,C00109,sess_C00109_4,2026-09-25T06:23:14.175Z
conv_425,C00109,sess_C00109_7,2026-09-16T05:56:02.708Z
conv_426,C00109,sess_C00109_10,2026-09-07T06:48:46.500Z
conv_427,C00110,sess_C00110_1,2026-10-04T06:46:00.093Z
conv_428,C00110,sess_C00110_4,2026-09-25T06:25:47.368Z
conv_429,C00111,sess_C00111_1,2026-10-04T06:15:02.561Z
conv_430,C00111,sess_C00111_4,2026-09-25T06:23:59.281Z
conv_431,C00112,sess_C00112_1,2026-10-04T06:08:31.328Z
conv_432,C00112,sess_C00112_4,2026-09-25T06:40:49.167Z
conv_433,C00112,sess_C00112_7,2026-09-16T06:06:07.426Z
conv_434,C00112,sess_C00112_10,2026-09-07T06:02:04.800Z
conv_435,C00113,sess_C00113_1,2026-10-04T06:37:21.262Z
conv_436,C00113,sess_C00113_4,2026-09-25T06:46:30.368Z
conv_437,C00113,sess_C00113_7,2026-09-16T06:06:53.646Z
conv_438,C00113,sess_C00113_10,2026-09-07T06:28:05.453Z
conv_439,C00114,sess_C00114_1,2026-10-04T05:53:51.783Z
conv_440,C00114,sess_C00114_4,2026-09-25T06:15:46.004Z
conv_441,C00114,sess_C00114_7,2026-09-16T06:28:00.006Z
conv_442,C00114,sess_C00114_10,2026-09-07T06:31:30.315Z
conv_443,C00114,sess_C00114_13,2026-08-29T05:56:41.678Z
conv_444,C00114,sess_C00114_16,2026-08-20T06:31:02.052Z
conv_445,C00115,sess_C00115_1,2026-10-04T06:08:19.110Z
conv_446,C00115,sess_C00115_4,2026-09-25T06:09:54.467Z
conv_447,C00116,sess_C00116_1,2026-10-04T06:46:07.476Z
conv_448,C00116,sess_C00116_4,2026-09-25T06:49:18.430Z
conv_449,C00116,sess_C00116_7,2026-09-16T06:04:07.255Z
conv_450,C00116,sess_C00116_10,2026-09-07T05:57:09.290Z
conv_451,C00117,sess_C00117_1,2026-10-04T05:54:07.323Z
conv_452,C00117,sess_C00117_4,2026-09-25T06:38:53.774Z
conv_453,C00118,sess_C00118_1,2026-10-04T06:41:17.086Z
conv_454,C00118,sess_C00118_4,2026-09-25T06:12:52.287Z
conv_455,C00118,sess_C00118_7,2026-09-16T06:33:18.533Z
conv_456,C00118,sess_C00118_10,2026-09-07T05:53:19.438Z
conv_457,C00119,sess_C00119_1,2026-10-04T06:29:19.786Z
conv_458,C00119,sess_C00119_4,2026-09-25T06:20:51.310Z
conv_459,C00120,sess_C00120_1,2026-10-04T05:55:31.510Z
conv_460,C00120,sess_C00120_4,2026-09-25T05:52:01.244Z
conv_461,C00120,sess_C00120_7,2026-09-16T06:50:17.146Z
conv_462,C00120,sess_C00120_10,2026-09-07T06:43:18.832Z
conv_463,C00120,sess_C00120_13,2026-08-29T06:19:19.511Z
conv_464,C00120,sess_C00120_16,2026-08-20T06:13:10.823Z
conv_465,C00121,sess_C00121_1,2026-10-04T06:13:22.949Z
conv_466,C00121,sess_C00121_4,2026-09-25T06:41:37.843Z
conv_467,C00121,sess_C00121_7,2026-09-16T06:28:41.777Z
conv_468,C00122,sess_C00122_1,2026-10-04T06:17:16.060Z
conv_469,C00122,sess_C00122_4,2026-09-25T06:49:55.267Z
conv_470,C00122,sess_C00122_7,2026-09-16T06:12:59.086Z
conv_471,C00123,sess_C00123_1,2026-10-04T06:46:05.071Z
conv_472,C00123,sess_C00123_4,2026-09-25T06:39:31.465Z
conv_473,C00124,sess_C00124_1,2026-10-04T06:28:27.571Z
conv_474,C00125,sess_C00125_1,2026-10-04T06:31:15.381Z
conv_475,C00125,sess_C00125_4,2026-09-25T06:13:23.217Z
conv_476,C00126,sess_C00126_1,2026-10-04T06:39:08.118Z
conv_477,C00126,sess_C00126_4,2026-09-25T06:35:20.821Z
conv_478,C00126,sess_C00126_7,2026-09-16T05:54:03.692Z
conv_479,C00126,sess_C00126_10,2026-09-07T06:44:52.520Z
conv_480,C00127,sess_C00127_1,2026-10-04T06:12:10.777Z
conv_481,C00127,sess_C00127_4,2026-09-25T05:51:22.294Z
conv_482,C00127,sess_C00127_7,2026-09-16T06:01:32.539Z
conv_483,C00127,sess_C00127_10,2026-09-07T05:58:19.597Z
conv_484,C00127,sess_C00127_13,2026-08-29T06:25:48.960Z
conv_485,C00128,sess_C00128_1,2026-10-04T06:43:34.519Z
conv_486,C00128,sess_C00128_4,2026-09-25T06:13:51.454Z
conv_487,C00129,sess_C00129_1,2026-10-04T05:56:47.996Z
conv_488,C00129,sess_C00129_4,2026-09-25T06:36:18.756Z
conv_489,C00129,sess_C00129_7,2026-09-16T06:13:25.634Z
conv_490,C00129,sess_C00129_10,2026-09-07T06:21:44.812Z
conv_491,C00129,sess_C00129_13,2026-08-29T06:09:18.157Z
conv_492,C00129,sess_C00129_16,2026-08-20T05:57:47.858Z
conv_493,C00130,sess_C00130_1,2026-10-04T06:10:35.577Z
conv_494,C00130,sess_C00130_4,2026-09-25T06:05:26.126Z
conv_495,C00130,sess_C00130_7,2026-09-16T06:42:49.389Z
conv_496,C00130,sess_C00130_10,2026-09-07T06:33:58.526Z
conv_497,C00131,sess_C00131_1,2026-10-04T05:56:08.378Z
conv_498,C00131,sess_C00131_4,2026-09-25T06:35:03.404Z
conv_499,C00132,sess_C00132_1,2026-10-04T06:28:23.567Z
conv_500,C00132,sess_C00132_4,2026-09-25T06:10:03.899Z
conv_501,C00133,sess_C00133_1,2026-10-04T06:14:31.081Z
conv_502,C00133,sess_C00133_4,2026-09-25T06:20:44.022Z
conv_503,C00134,sess_C00134_1,2026-10-04T06:11:15.663Z
conv_504,C00134,sess_C00134_4,2026-09-25T06:06:26.588Z
conv_505,C00134,sess_C00134_7,2026-09-16T06:49:33.212Z
conv_506,C00135,sess_C00135_1,2026-10-04T06:10:48.221Z
conv_507,C00135,sess_C00135_4,2026-09-25T06:35:21.076Z
conv_508,C00136,sess_C00136_1,2026-10-04T06:35:42.712Z
conv_509,C00136,sess_C00136_4,2026-09-25T06:25:56.122Z
conv_510,C00136,sess_C00136_7,2026-09-16T06:03:14.454Z
conv_511,C00136,sess_C00136_10,2026-09-07T06:47:54.845Z
conv_512,C00136,sess_C00136_13,2026-08-29T06:28:39.719Z
conv_513,C00136,sess_C00136_16,2026-08-20T06:42:01.877Z
conv_514,C00137,sess_C00137_1,2026-10-04T06:09:11.052Z
conv_515,C00137,sess_C00137_4,2026-09-25T06:20:06.039Z
conv_516,C00138,sess_C00138_1,2026-10-04T06:08:01.392Z
conv_517,C00138,sess_C00138_4,2026-09-25T06:26:34.225Z
conv_518,C00139,sess_C00139_1,2026-10-04T06:01:12.000Z
conv_519,C00140,sess_C00140_1,2026-10-04T06:29:18.582Z
conv_520,C00140,sess_C00140_4,2026-09-25T06:36:40.104Z
conv_521,C00141,sess_C00141_1,2026-10-04T06:17:41.810Z
conv_522,C00141,sess_C00141_4,2026-09-25T06:10:36.169Z
conv_523,C00141,sess_C00141_7,2026-09-16T06:16:34.044Z
conv_524,C00141,sess_C00141_10,2026-09-07T06:15:45.770Z
conv_525,C00142,sess_C00142_1,2026-10-04T06:28:48.499Z
conv_526,C00142,sess_C00142_4,2026-09-25T06:46:03.060Z
conv_527,C00143,sess_C00143_1,2026-10-04T06:12:40.860Z
conv_528,C00143,sess_C00143_4,2026-09-25T06:12:30.484Z
conv_529,C00143,sess_C00143_7,2026-09-16T06:47:05.916Z
conv_530,C00144,sess_C00144_1,2026-10-04T06:05:52.017Z
conv_531,C00145,sess_C00145_1,2026-10-04T06:13:24.333Z
conv_532,C00146,sess_C00146_1,2026-10-04T06:16:22.135Z
conv_533,C00146,sess_C00146_4,2026-09-25T06:02:24.630Z
conv_534,C00147,sess_C00147_1,2026-10-04T06:40:32.359Z
conv_535,C00147,sess_C00147_4,2026-09-25T06:25:11.352Z
conv_536,C00147,sess_C00147_7,2026-09-16T06:34:10.307Z
conv_537,C00147,sess_C00147_10,2026-09-07T06:17:46.047Z
conv_538,C00147,sess_C00147_13,2026-08-29T05:58:37.315Z
conv_539,C00147,sess_C00147_16,2026-08-20T06:34:42.662Z
conv_540,C00148,sess_C00148_1,2026-10-04T06:48:49.076Z
conv_541,C00148,sess_C00148_4,2026-09-25T06:16:31.966Z
conv_542,C00148,sess_C00148_7,2026-09-16T06:48:41.377Z
conv_543,C00148,sess_C00148_10,2026-09-07T06:12:02.197Z
conv_544,C00148,sess_C00148_13,2026-08-29T06:27:05.095Z
conv_545,C00149,sess_C00149_1,2026-10-04T05:56:48.503Z
conv_546,C00150,sess_C00150_1,2026-10-04T05:54:02.038Z
conv_547,C00150,sess_C00150_4,2026-09-25T06:08:36.000Z
conv_548,C00151,sess_C00151_1,2026-10-04T06:29:35.610Z
conv_549,C00151,sess_C00151_4,2026-09-25T06:12:31.651Z
conv_550,C00151,sess_C00151_7,2026-09-16T05:58:57.993Z
conv_551,C00151,sess_C00151_10,2026-09-07T06:02:41.673Z
conv_552,C00151,sess_C00151_13,2026-08-29T06:05:16.563Z
conv_553,C00152,sess_C00152_1,2026-10-04T06:15:37.279Z
conv_554,C00152,sess_C00152_4,2026-09-25T06:17:01.401Z
conv_555,C00152,sess_C00152_7,2026-09-16T06:17:54.878Z
conv_556,C00152,sess_C00152_10,2026-09-07T06:03:57.803Z
conv_557,C00153,sess_C00153_1,2026-10-04T06:45:50.002Z
conv_558,C00153,sess_C00153_4,2026-09-25T05:51:59.941Z
conv_559,C00154,sess_C00154_1,2026-10-04T05:57:01.876Z
conv_560,C00155,sess_C00155_1,2026-10-04T06:49:24.628Z
conv_561,C00155,sess_C00155_4,2026-09-25T06:00:52.241Z
conv_562,C00155,sess_C00155_7,2026-09-16T06:23:59.357Z
conv_563,C00155,sess_C00155_10,2026-09-07T06:47:18.269Z
conv_564,C00156,sess_C00156_1,2026-10-04T06:20:37.261Z
conv_565,C00156,sess_C00156_4,2026-09-25T05:57:25.442Z
conv_566,C00157,sess_C00157_1,2026-10-04T06:34:24.043Z
conv_567,C00157,sess_C00157_4,2026-09-25T06:16:17.067Z
conv_568,C00157,sess_C00157_7,2026-09-16T06:26:03.351Z
conv_569,C00157,sess_C00157_10,2026-09-07T05:52:07.888Z
conv_570,C00157,sess_C00157_13,2026-08-29T06:49:16.576Z
conv_571,C00158,sess_C00158_1,2026-10-04T06:02:35.522Z
conv_572,C00158,sess_C00158_4,2026-09-25T06:27:36.545Z
conv_573,C00158,sess_C00158_7,2026-09-16T06:10:56.888Z
conv_574,C00158,sess_C00158_10,2026-09-07T05:51:32.493Z
conv_575,C00159,sess_C00159_1,2026-10-04T06:42:07.467Z
conv_576,C00159,sess_C00159_4,2026-09-25T06:28:41.036Z
conv_577,C00159,sess_C00159_7,2026-09-16T06:00:04.190Z
conv_578,C00159,sess_C00159_10,2026-09-07T06:46:12.353Z
conv_579,C00160,sess_C00160_1,2026-10-04T06:49:20.756Z
conv_580,C00160,sess_C00160_4,2026-09-25T06:12:41.745Z
conv_581,C00160,sess_C00160_7,2026-09-16T06:25:36.239Z
conv_582,C00160,sess_C00160_10,2026-09-07T06:06:31.513Z
conv_583,C00161,sess_C00161_1,2026-10-04T06:17:26.931Z
conv_584,C00161,sess_C00161_4,2026-09-25T06:10:43.007Z
conv_585,C00161,sess_C00161_7,2026-09-16T06:12:44.133Z
conv_586,C00161,sess_C00161_10,2026-09-07T06:46:46.171Z
conv_587,C00162,sess_C00162_1,2026-10-04T06:49:14.003Z
conv_588,C00162,sess_C00162_4,2026-09-25T06:15:41.342Z
conv_589,C00162,sess_C00162_7,2026-09-16T06:21:54.536Z
conv_590,C00163,sess_C00163_1,2026-10-04T06:00:49.927Z
conv_591,C00163,sess_C00163_4,2026-09-25T06:11:42.535Z
conv_592,C00164,sess_C00164_1,2026-10-04T06:30:09.697Z
conv_593,C00164,sess_C00164_4,2026-09-25T06:10:41.064Z
conv_594,C00164,sess_C00164_7,2026-09-16T06:06:12.663Z
conv_595,C00164,sess_C00164_10,2026-09-07T06:04:42.476Z
conv_596,C00164,sess_C00164_13,2026-08-29T06:47:11.009Z
conv_597,C00165,sess_C00165_1,2026-10-04T06:11:47.341Z
conv_598,C00165,sess_C00165_4,2026-09-25T05:57:09.244Z
conv_599,C00166,sess_C00166_1,2026-10-04T06:06:40.365Z
conv_600,C00166,sess_C00166_4,2026-09-25T06:29:38.732Z
conv_601,C00166,sess_C00166_7,2026-09-16T06:38:35.535Z
conv_602,C00166,sess_C00166_10,2026-09-07T06:10:58.938Z
conv_603,C00167,sess_C00167_1,2026-10-04T06:31:01.146Z
conv_604,C00167,sess_C00167_4,2026-09-25T06:04:06.449Z
conv_605,C00167,sess_C00167_7,2026-09-16T06:26:16.574Z
conv_606,C00167,sess_C00167_10,2026-09-07T06:47:41.258Z
conv_607,C00167,sess_C00167_13,2026-08-29T06:40:50.901Z
conv_608,C00167,sess_C00167_16,2026-08-20T06:16:48.104Z
conv_609,C00168,sess_C00168_1,2026-10-04T06:36:44.656Z
conv_610,C00168,sess_C00168_4,2026-09-25T06:19:34.265Z
conv_611,C00168,sess_C00168_7,2026-09-16T06:11:30.138Z
conv_612,C00168,sess_C00168_10,2026-09-07T06:21:11.611Z
conv_613,C00168,sess_C00168_13,2026-08-29T06:33:27.934Z
conv_614,C00168,sess_C00168_16,2026-08-20T05:51:41.301Z
conv_615,C00169,sess_C00169_1,2026-10-04T06:18:03.244Z
conv_616,C00169,sess_C00169_4,2026-09-25T06:29:35.918Z
conv_617,C00169,sess_C00169_7,2026-09-16T06:49:49.294Z
conv_618,C00169,sess_C00169_10,2026-09-07T06:04:28.865Z
conv_619,C00170,sess_C00170_1,2026-10-04T05:57:12.028Z
conv_620,C00170,sess_C00170_4,2026-09-25T06:48:26.822Z
conv_621,C00170,sess_C00170_7,2026-09-16T06:32:46.366Z
conv_622,C00170,sess_C00170_10,2026-09-07T06:41:44.802Z
conv_623,C00170,sess_C00170_13,2026-08-29T06:27:56.667Z
conv_624,C00171,sess_C00171_1,2026-10-04T06:20:40.752Z
conv_625,C00171,sess_C00171_4,2026-09-25T06:05:42.834Z
conv_626,C00171,sess_C00171_7,2026-09-16T06:07:25.297Z
conv_627,C00171,sess_C00171_10,2026-09-07T06:23:39.199Z
conv_628,C00171,sess_C00171_13,2026-08-29T06:11:11.474Z
conv_629,C00171,sess_C00171_16,2026-08-20T06:47:23.657Z
conv_630,C00172,sess_C00172_1,2026-10-04T06:06:31.616Z
conv_631,C00172,sess_C00172_4,2026-09-25T05:59:40.639Z
conv_632,C00173,sess_C00173_1,2026-10-04T06:35:17.005Z
conv_633,C00173,sess_C00173_4,2026-09-25T05:53:24.750Z
conv_634,C00173,sess_C00173_7,2026-09-16T06:31:03.425Z
conv_635,C00173,sess_C00173_10,2026-09-07T06:14:50.793Z
conv_636,C00174,sess_C00174_1,2026-10-04T06:23:34.369Z
conv_637,C00174,sess_C00174_4,2026-09-25T05:54:08.695Z
conv_638,C00174,sess_C00174_7,2026-09-16T05:52:40.747Z
conv_639,C00174,sess_C00174_10,2026-09-07T06:46:55.698Z
conv_640,C00175,sess_C00175_1,2026-10-04T06:21:14.320Z
conv_641,C00175,sess_C00175_4,2026-09-25T05:56:11.867Z
conv_642,C00176,sess_C00176_1,2026-10-04T06:19:04.702Z
conv_643,C00176,sess_C00176_4,2026-09-25T06:36:04.858Z
conv_644,C00176,sess_C00176_7,2026-09-16T05:57:05.450Z
conv_645,C00176,sess_C00176_10,2026-09-07T06:31:06.318Z
conv_646,C00177,sess_C00177_1,2026-10-04T05:56:23.640Z
conv_647,C00177,sess_C00177_4,2026-09-25T05:56:48.850Z
conv_648,C00177,sess_C00177_7,2026-09-16T05:55:26.951Z
conv_649,C00177,sess_C00177_10,2026-09-07T06:14:47.515Z
conv_650,C00178,sess_C00178_1,2026-10-04T06:47:34.223Z
conv_651,C00178,sess_C00178_4,2026-09-25T06:20:00.759Z
conv_652,C00178,sess_C00178_7,2026-09-16T06:18:05.608Z
conv_653,C00178,sess_C00178_10,2026-09-07T05:52:43.558Z
conv_654,C00178,sess_C00178_13,2026-08-29T06:24:38.765Z
conv_655,C00179,sess_C00179_1,2026-10-04T06:29:06.370Z
conv_656,C00179,sess_C00179_4,2026-09-25T06:21:23.763Z
conv_657,C00180,sess_C00180_1,2026-10-04T06:41:15.668Z
conv_658,C00180,sess_C00180_4,2026-09-25T06:39:36.633Z
conv_659,C00180,sess_C00180_7,2026-09-16T06:12:12.816Z
conv_660,C00181,sess_C00181_1,2026-10-04T06:07:49.392Z
conv_661,C00181,sess_C00181_4,2026-09-25T06:17:18.674Z
conv_662,C00182,sess_C00182_1,2026-10-04T06:02:37.872Z
conv_663,C00182,sess_C00182_4,2026-09-25T06:07:18.954Z
conv_664,C00182,sess_C00182_7,2026-09-16T06:05:04.870Z
conv_665,C00182,sess_C00182_10,2026-09-07T05:50:46.671Z
conv_666,C00182,sess_C00182_13,2026-08-29T05:57:00.049Z
conv_667,C00182,sess_C00182_16,2026-08-20T06:49:08.808Z
conv_668,C00183,sess_C00183_1,2026-10-04T06:43:29.672Z
conv_669,C00183,sess_C00183_4,2026-09-25T06:12:38.357Z
conv_670,C00184,sess_C00184_1,2026-10-04T06:08:00.838Z
conv_671,C00184,sess_C00184_4,2026-09-25T06:33:09.782Z
conv_672,C00184,sess_C00184_7,2026-09-16T06:02:07.379Z
conv_673,C00185,sess_C00185_1,2026-10-04T06:38:12.439Z
conv_674,C00186,sess_C00186_1,2026-10-04T06:32:42.451Z
conv_675,C00186,sess_C00186_4,2026-09-25T06:32:37.976Z
conv_676,C00186,sess_C00186_7,2026-09-16T06:15:10.116Z
conv_677,C00186,sess_C00186_10,2026-09-07T05:55:15.348Z
conv_678,C00187,sess_C00187_1,2026-10-04T06:46:43.474Z
conv_679,C00187,sess_C00187_4,2026-09-25T06:40:45.898Z
conv_680,C00187,sess_C00187_7,2026-09-16T06:22:28.128Z
conv_681,C00187,sess_C00187_10,2026-09-07T06:32:56.962Z
conv_682,C00188,sess_C00188_1,2026-10-04T06:37:05.239Z
conv_683,C00188,sess_C00188_4,2026-09-25T06:04:18.856Z
conv_684,C00188,sess_C00188_7,2026-09-16T06:01:36.355Z
conv_685,C00188,sess_C00188_10,2026-09-07T06:15:02.855Z
conv_686,C00189,sess_C00189_1,2026-10-04T06:22:16.010Z
conv_687,C00189,sess_C00189_4,2026-09-25T06:48:23.032Z
conv_688,C00189,sess_C00189_7,2026-09-16T06:19:03.818Z
conv_689,C00189,sess_C00189_10,2026-09-07T06:22:17.955Z
conv_690,C00190,sess_C00190_1,2026-10-04T06:12:12.211Z
conv_691,C00191,sess_C00191_1,2026-10-04T06:42:46.393Z
conv_692,C00191,sess_C00191_4,2026-09-25T06:50:04.512Z
conv_693,C00191,sess_C00191_7,2026-09-16T06:20:55.613Z
conv_694,C00191,sess_C00191_10,2026-09-07T05:57:09.411Z
conv_695,C00191,sess_C00191_13,2026-08-29T06:48:51.207Z
conv_696,C00192,sess_C00192_1,2026-10-04T06:07:37.126Z
conv_697,C00192,sess_C00192_4,2026-09-25T06:19:13.217Z
conv_698,C00193,sess_C00193_1,2026-10-04T06:19:25.265Z
conv_699,C00193,sess_C00193_4,2026-09-25T06:33:35.529Z
conv_700,C00193,sess_C00193_7,2026-09-16T05:58:04.197Z
conv_701,C00193,sess_C00193_10,2026-09-07T06:10:07.216Z
conv_702,C00193,sess_C00193_13,2026-08-29T06:49:13.701Z
conv_703,C00194,sess_C00194_1,2026-10-04T06:24:32.496Z
conv_704,C00194,sess_C00194_4,2026-09-25T06:15:43.779Z
conv_705,C00194,sess_C00194_7,2026-09-16T06:20:11.835Z
conv_706,C00194,sess_C00194_10,2026-09-07T06:18:23.940Z
conv_707,C00195,sess_C00195_1,2026-10-04T06:46:47.704Z
conv_708,C00195,sess_C00195_4,2026-09-25T06:17:03.592Z
conv_709,C00196,sess_C00196_1,2026-10-04T06:12:23.987Z
conv_710,C00196,sess_C00196_4,2026-09-25T06:09:42.795Z
conv_711,C00196,sess_C00196_7,2026-09-16T06:44:57.613Z
conv_712,C00196,sess_C00196_10,2026-09-07T06:31:45.759Z
conv_713,C00197,sess_C00197_1,2026-10-04T06:39:17.439Z
conv_714,C00197,sess_C00197_4,2026-09-25T06:30:56.332Z
conv_715,C00197,sess_C00197_7,2026-09-16T06:40:51.931Z
conv_716,C00198,sess_C00198_1,2026-10-04T06:28:36.297Z
conv_717,C00198,sess_C00198_4,2026-09-25T06:00:02.764Z
conv_718,C00199,sess_C00199_1,2026-10-04T05:54:39.353Z
conv_719,C00199,sess_C00199_4,2026-09-25T06:10:41.362Z
conv_720,C00199,sess_C00199_7,2026-09-16T06:28:20.077Z
conv_721,C00199,sess_C00199_10,2026-09-07T06:06:33.159Z
conv_722,C00200,sess_C00200_1,2026-10-04T06:42:18.734Z
conv_723,C00201,sess_C00201_1,2026-10-04T06:14:05.502Z
conv_724,C00201,sess_C00201_4,2026-09-25T06:15:30.989Z
conv_725,C00201,sess_C00201_7,2026-09-16T06:05:26.761Z
conv_726,C00201,sess_C00201_10,2026-09-07T06:18:32.747Z
conv_727,C00202,sess_C00202_1,2026-10-04T06:15:51.517Z
conv_728,C00202,sess_C00202_4,2026-09-25T06:42:13.589Z
conv_729,C00203,sess_C00203_1,2026-10-04T06:13:50.988Z
conv_730,C00203,sess_C00203_4,2026-09-25T06:04:26.305Z
conv_731,C00203,sess_C00203_7,2026-09-16T06:15:54.619Z
conv_732,C00203,sess_C00203_10,2026-09-07T06:26:58.102Z
conv_733,C00204,sess_C00204_1,2026-10-04T06:02:26.626Z
conv_734,C00204,sess_C00204_4,2026-09-25T06:39:53.130Z
conv_735,C00204,sess_C00204_7,2026-09-16T06:19:31.483Z
conv_736,C00204,sess_C00204_10,2026-09-07T06:18:09.361Z
conv_737,C00204,sess_C00204_13,2026-08-29T06:23:24.977Z
conv_738,C00204,sess_C00204_16,2026-08-20T06:02:28.806Z
conv_739,C00205,sess_C00205_1,2026-10-04T06:25:30.390Z
conv_740,C00205,sess_C00205_4,2026-09-25T06:32:53.993Z
conv_741,C00205,sess_C00205_7,2026-09-16T06:47:16.067Z
conv_742,C00205,sess_C00205_10,2026-09-07T06:28:28.667Z
conv_743,C00206,sess_C00206_1,2026-10-04T06:48:02.520Z
conv_744,C00206,sess_C00206_4,2026-09-25T05:52:01.778Z
conv_745,C00206,sess_C00206_7,2026-09-16T06:29:43.086Z
conv_746,C00206,sess_C00206_10,2026-09-07T06:32:57.683Z
conv_747,C00207,sess_C00207_1,2026-10-04T06:48:18.407Z
conv_748,C00207,sess_C00207_4,2026-09-25T06:06:54.429Z
conv_749,C00208,sess_C00208_1,2026-10-04T06:42:41.100Z
conv_750,C00208,sess_C00208_4,2026-09-25T06:38:05.486Z
conv_751,C00208,sess_C00208_7,2026-09-16T06:39:18.256Z
conv_752,C00208,sess_C00208_10,2026-09-07T06:08:07.964Z
conv_753,C00209,sess_C00209_1,2026-10-04T06:39:35.394Z
conv_754,C00209,sess_C00209_4,2026-09-25T06:30:02.016Z
conv_755,C00209,sess_C00209_7,2026-09-16T06:27:08.984Z
conv_756,C00209,sess_C00209_10,2026-09-07T06:08:38.382Z
conv_757,C00209,sess_C00209_13,2026-08-29T05:57:13.986Z
conv_758,C00209,sess_C00209_16,2026-08-20T06:05:48.346Z
conv_759,C00210,sess_C00210_1,2026-10-04T05:56:20.479Z
conv_760,C00211,sess_C00211_1,2026-10-04T06:04:15.085Z
conv_761,C00211,sess_C00211_4,2026-09-25T06:02:25.594Z
conv_762,C00211,sess_C00211_7,2026-09-16T05:52:46.992Z
conv_763,C00211,sess_C00211_10,2026-09-07T06:42:48.134Z
conv_764,C00212,sess_C00212_1,2026-10-04T06:26:54.168Z
conv_765,C00212,sess_C00212_4,2026-09-25T06:29:48.104Z
conv_766,C00212,sess_C00212_7,2026-09-16T06:27:07.097Z
conv_767,C00212,sess_C00212_10,2026-09-07T06:15:34.225Z
conv_768,C00213,sess_C00213_1,2026-10-04T06:34:13.701Z
conv_769,C00213,sess_C00213_4,2026-09-25T06:37:03.313Z
conv_770,C00213,sess_C00213_7,2026-09-16T06:13:37.668Z
conv_771,C00214,sess_C00214_1,2026-10-04T06:11:40.217Z
conv_772,C00214,sess_C00214_4,2026-09-25T05:52:37.831Z
conv_773,C00214,sess_C00214_7,2026-09-16T05:59:52.984Z
conv_774,C00214,sess_C00214_10,2026-09-07T06:44:27.760Z
conv_775,C00214,sess_C00214_13,2026-08-29T06:36:18.623Z
conv_776,C00214,sess_C00214_16,2026-08-20T05:52:45.949Z
conv_777,C00215,sess_C00215_1,2026-10-04T06:22:28.701Z
conv_778,C00215,sess_C00215_4,2026-09-25T06:30:31.159Z
conv_779,C00215,sess_C00215_7,2026-09-16T06:40:30.394Z
conv_780,C00215,sess_C00215_10,2026-09-07T06:02:01.358Z
conv_781,C00216,sess_C00216_1,2026-10-04T06:41:43.132Z
conv_782,C00216,sess_C00216_4,2026-09-25T06:19:15.405Z
conv_783,C00216,sess_C00216_7,2026-09-16T06:21:34.103Z
conv_784,C00216,sess_C00216_10,2026-09-07T06:20:36.699Z
conv_785,C00217,sess_C00217_1,2026-10-04T06:43:59.080Z
conv_786,C00217,sess_C00217_4,2026-09-25T06:18:37.166Z
conv_787,C00217,sess_C00217_7,2026-09-16T06:45:14.261Z
conv_788,C00217,sess_C00217_10,2026-09-07T06:31:51.239Z
conv_789,C00217,sess_C00217_13,2026-08-29T06:25:35.860Z
conv_790,C00217,sess_C00217_16,2026-08-20T06:25:24.318Z
conv_791,C00218,sess_C00218_1,2026-10-04T05:58:34.242Z
conv_792,C00218,sess_C00218_4,2026-09-25T05:56:12.429Z
conv_793,C00218,sess_C00218_7,2026-09-16T06:38:39.893Z
conv_794,C00218,sess_C00218_10,2026-09-07T06:05:57.678Z
conv_795,C00218,sess_C00218_13,2026-08-29T06:35:19.702Z
conv_796,C00218,sess_C00218_16,2026-08-20T06:17:14.754Z
conv_797,C00219,sess_C00219_1,2026-10-04T06:24:47.432Z
conv_798,C00219,sess_C00219_4,2026-09-25T06:44:10.820Z
conv_799,C00219,sess_C00219_7,2026-09-16T06:05:24.315Z
conv_800,C00219,sess_C00219_10,2026-09-07T06:16:50.321Z
conv_801,C00219,sess_C00219_13,2026-08-29T06:06:48.561Z
conv_802,C00220,sess_C00220_1,2026-10-04T06:34:27.176Z
conv_803,C00220,sess_C00220_4,2026-09-25T06:40:40.320Z
conv_804,C00220,sess_C00220_7,2026-09-16T06:12:53.376Z
conv_805,C00220,sess_C00220_10,2026-09-07T06:16:48.224Z
conv_806,C00220,sess_C00220_13,2026-08-29T06:11:52.231Z
conv_807,C00220,sess_C00220_16,2026-08-20T06:47:07.730Z
conv_808,C00221,sess_C00221_1,2026-10-04T05:55:49.399Z
conv_809,C00221,sess_C00221_4,2026-09-25T06:44:36.046Z
conv_810,C00221,sess_C00221_7,2026-09-16T06:00:37.932Z
conv_811,C00221,sess_C00221_10,2026-09-07T06:18:17.149Z
conv_812,C00222,sess_C00222_1,2026-10-04T06:20:48.359Z
conv_813,C00222,sess_C00222_4,2026-09-25T06:03:37.571Z
conv_814,C00222,sess_C00222_7,2026-09-16T06:49:25.029Z
conv_815,C00222,sess_C00222_10,2026-09-07T06:32:58.291Z
conv_816,C00223,sess_C00223_1,2026-10-04T06:21:36.728Z
conv_817,C00223,sess_C00223_4,2026-09-25T05:55:56.749Z
conv_818,C00223,sess_C00223_7,2026-09-16T06:20:11.417Z
conv_819,C00223,sess_C00223_10,2026-09-07T06:07:40.587Z
conv_820,C00224,sess_C00224_1,2026-10-04T06:05:49.961Z
conv_821,C00224,sess_C00224_4,2026-09-25T06:42:25.349Z
conv_822,C00224,sess_C00224_7,2026-09-16T06:11:30.252Z
conv_823,C00225,sess_C00225_1,2026-10-04T06:39:48.722Z
conv_824,C00225,sess_C00225_4,2026-09-25T06:00:50.984Z
conv_825,C00225,sess_C00225_7,2026-09-16T06:28:37.756Z
conv_826,C00225,sess_C00225_10,2026-09-07T05:52:37.291Z
conv_827,C00226,sess_C00226_1,2026-10-04T06:00:40.722Z
conv_828,C00227,sess_C00227_1,2026-10-04T06:22:58.491Z
conv_829,C00227,sess_C00227_4,2026-09-25T05:57:21.873Z
conv_830,C00228,sess_C00228_1,2026-10-04T06:07:13.687Z
conv_831,C00228,sess_C00228_4,2026-09-25T06:20:34.908Z
conv_832,C00229,sess_C00229_1,2026-10-04T06:04:04.458Z
conv_833,C00229,sess_C00229_4,2026-09-25T06:32:13.897Z
conv_834,C00229,sess_C00229_7,2026-09-16T05:53:03.532Z
conv_835,C00230,sess_C00230_1,2026-10-04T06:08:55.976Z
conv_836,C00230,sess_C00230_4,2026-09-25T06:06:07.960Z
conv_837,C00231,sess_C00231_1,2026-10-04T06:27:42.407Z
conv_838,C00231,sess_C00231_4,2026-09-25T05:52:37.123Z
conv_839,C00231,sess_C00231_7,2026-09-16T06:50:17.916Z
conv_840,C00231,sess_C00231_10,2026-09-07T06:01:21.899Z
conv_841,C00231,sess_C00231_13,2026-08-29T06:36:36.799Z
conv_842,C00232,sess_C00232_1,2026-10-04T06:33:36.676Z
conv_843,C00232,sess_C00232_4,2026-09-25T05:50:31.997Z
conv_844,C00232,sess_C00232_7,2026-09-16T06:27:48.464Z
conv_845,C00232,sess_C00232_10,2026-09-07T06:43:24.527Z
conv_846,C00232,sess_C00232_13,2026-08-29T06:47:23.746Z
conv_847,C00232,sess_C00232_16,2026-08-20T06:10:33.778Z
conv_848,C00233,sess_C00233_1,2026-10-04T05:58:25.007Z
conv_849,C00233,sess_C00233_4,2026-09-25T06:46:06.800Z
conv_850,C00233,sess_C00233_7,2026-09-16T05:57:36.512Z
conv_851,C00233,sess_C00233_10,2026-09-07T06:04:11.774Z
conv_852,C00233,sess_C00233_13,2026-08-29T06:29:43.120Z
conv_853,C00233,sess_C00233_16,2026-08-20T06:34:33.971Z
conv_854,C00234,sess_C00234_1,2026-10-04T06:01:48.888Z
conv_855,C00234,sess_C00234_4,2026-09-25T06:46:39.970Z
conv_856,C00235,sess_C00235_1,2026-10-04T05:55:37.268Z
conv_857,C00235,sess_C00235_4,2026-09-25T05:58:37.201Z
conv_858,C00236,sess_C00236_1,2026-10-04T05:52:32.257Z
conv_859,C00236,sess_C00236_4,2026-09-25T05:52:52.980Z
conv_860,C00237,sess_C00237_1,2026-10-04T06:44:34.854Z
conv_861,C00238,sess_C00238_1,2026-10-04T05:57:20.197Z
conv_862,C00238,sess_C00238_4,2026-09-25T06:32:50.090Z
conv_863,C00238,sess_C00238_7,2026-09-16T06:49:15.288Z
conv_864,C00239,sess_C00239_1,2026-10-04T06:15:39.540Z
conv_865,C00240,sess_C00240_1,2026-10-04T06:45:44.298Z
conv_866,C00240,sess_C00240_4,2026-09-25T06:49:09.700Z
conv_867,C00240,sess_C00240_7,2026-09-16T06:08:51.326Z
conv_868,C00241,sess_C00241_1,2026-10-04T06:15:51.756Z
conv_869,C00241,sess_C00241_4,2026-09-25T06:25:20.827Z
conv_870,C00241,sess_C00241_7,2026-09-16T06:46:04.658Z
conv_871,C00242,sess_C00242_1,2026-10-04T06:35:48.057Z
conv_872,C00242,sess_C00242_4,2026-09-25T05:52:36.610Z
conv_873,C00242,sess_C00242_7,2026-09-16T06:31:49.955Z
conv_874,C00243,sess_C00243_1,2026-10-04T05:57:48.066Z
conv_875,C00243,sess_C00243_4,2026-09-25T06:42:24.120Z
conv_876,C00243,sess_C00243_7,2026-09-16T06:27:00.256Z
conv_877,C00243,sess_C00243_10,2026-09-07T06:24:27.844Z
conv_878,C00243,sess_C00243_13,2026-08-29T06:17:36.020Z
conv_879,C00244,sess_C00244_1,2026-10-04T06:38:11.494Z
conv_880,C00244,sess_C00244_4,2026-09-25T06:36:46.452Z
conv_881,C00245,sess_C00245_1,2026-10-04T06:19:07.850Z
conv_882,C00245,sess_C00245_4,2026-09-25T05:58:17.005Z
conv_883,C00245,sess_C00245_7,2026-09-16T05:54:53.310Z
conv_884,C00246,sess_C00246_1,2026-10-04T06:35:42.521Z
conv_885,C00246,sess_C00246_4,2026-09-25T06:12:59.430Z
conv_886,C00246,sess_C00246_7,2026-09-16T05:57:34.963Z
conv_887,C00246,sess_C00246_10,2026-09-07T06:41:04.825Z
conv_888,C00247,sess_C00247_1,2026-10-04T06:05:51.226Z
conv_889,C00247,sess_C00247_4,2026-09-25T06:27:00.072Z
conv_890,C00247,sess_C00247_7,2026-09-16T06:21:24.298Z
conv_891,C00247,sess_C00247_10,2026-09-07T06:19:44.927Z
conv_892,C00248,sess_C00248_1,2026-10-04T06:00:30.402Z
conv_893,C00248,sess_C00248_4,2026-09-25T06:48:40.386Z
conv_894,C00248,sess_C00248_7,2026-09-16T06:00:44.575Z
conv_895,C00248,sess_C00248_10,2026-09-07T06:38:21.655Z
conv_896,C00248,sess_C00248_13,2026-08-29T06:43:56.988Z
conv_897,C00248,sess_C00248_16,2026-08-20T06:38:11.296Z
conv_898,C00249,sess_C00249_1,2026-10-04T06:37:58.578Z
conv_899,C00249,sess_C00249_4,2026-09-25T06:14:31.812Z
conv_900,C00249,sess_C00249_7,2026-09-16T06:44:19.471Z
conv_901,C00250,sess_C00250_1,2026-10-04T06:47:49.305Z
conv_902,C00250,sess_C00250_4,2026-09-25T06:39:23.863Z
conv_903,C00250,sess_C00250_7,2026-09-16T06:10:18.697Z
conv_904,C00250,sess_C00250_10,2026-09-07T06:47:12.486Z
conv_905,C00251,sess_C00251_1,2026-10-04T06:33:01.276Z
conv_906,C00252,sess_C00252_1,2026-10-04T06:24:49.850Z
conv_907,C00252,sess_C00252_4,2026-09-25T06:17:59.537Z
conv_908,C00252,sess_C00252_7,2026-09-16T06:39:39.209Z
conv_909,C00252,sess_C00252_10,2026-09-07T05:59:57.270Z
conv_910,C00253,sess_C00253_1,2026-10-04T05:56:20.194Z
conv_911,C00253,sess_C00253_4,2026-09-25T06:36:50.159Z
conv_912,C00253,sess_C00253_7,2026-09-16T06:49:42.632Z
conv_913,C00253,sess_C00253_10,2026-09-07T05:59:04.570Z
conv_914,C00254,sess_C00254_1,2026-10-04T06:33:59.458Z
conv_915,C00254,sess_C00254_4,2026-09-25T06:03:38.096Z
conv_916,C00254,sess_C00254_7,2026-09-16T06:14:57.785Z
conv_917,C00255,sess_C00255_1,2026-10-04T05:59:21.126Z
conv_918,C00255,sess_C00255_4,2026-09-25T05:54:02.652Z
conv_919,C00256,sess_C00256_1,2026-10-04T05:56:13.061Z
conv_920,C00256,sess_C00256_4,2026-09-25T06:44:25.382Z
conv_921,C00256,sess_C00256_7,2026-09-16T06:07:01.660Z
conv_922,C00256,sess_C00256_10,2026-09-07T05:50:49.299Z
conv_923,C00257,sess_C00257_1,2026-10-04T05:59:06.308Z
conv_924,C00257,sess_C00257_4,2026-09-25T06:09:27.866Z
conv_925,C00257,sess_C00257_7,2026-09-16T06:38:52.576Z
conv_926,C00257,sess_C00257_10,2026-09-07T06:12:39.625Z
conv_927,C00257,sess_C00257_13,2026-08-29T06:28:43.503Z
conv_928,C00257,sess_C00257_16,2026-08-20T06:43:34.797Z
conv_929,C00258,sess_C00258_1,2026-10-04T06:03:01.970Z
conv_930,C00258,sess_C00258_4,2026-09-25T06:29:15.133Z
conv_931,C00258,sess_C00258_7,2026-09-16T06:34:21.475Z
conv_932,C00258,sess_C00258_10,2026-09-07T05:54:58.350Z
conv_933,C00259,sess_C00259_1,2026-10-04T05:55:28.291Z
conv_934,C00259,sess_C00259_4,2026-09-25T06:28:32.559Z
conv_935,C00259,sess_C00259_7,2026-09-16T05:57:05.806Z
conv_936,C00259,sess_C00259_10,2026-09-07T05:54:35.495Z
conv_937,C00259,sess_C00259_13,2026-08-29T06:47:59.155Z
conv_938,C00260,sess_C00260_1,2026-10-04T06:18:39.227Z
conv_939,C00260,sess_C00260_4,2026-09-25T06:07:18.478Z
conv_940,C00260,sess_C00260_7,2026-09-16T06:26:36.310Z
conv_941,C00260,sess_C00260_10,2026-09-07T06:27:17.999Z
conv_942,C00260,sess_C00260_13,2026-08-29T06:02:25.431Z
conv_943,C00261,sess_C00261_1,2026-10-04T06:41:04.078Z
conv_944,C00261,sess_C00261_4,2026-09-25T06:00:56.653Z
conv_945,C00261,sess_C00261_7,2026-09-16T05:51:29.757Z
conv_946,C00262,sess_C00262_1,2026-10-04T06:17:45.402Z
conv_947,C00262,sess_C00262_4,2026-09-25T05:53:30.327Z
conv_948,C00262,sess_C00262_7,2026-09-16T06:08:49.698Z
conv_949,C00263,sess_C00263_1,2026-10-04T06:46:33.051Z
conv_950,C00263,sess_C00263_4,2026-09-25T06:14:36.324Z
conv_951,C00263,sess_C00263_7,2026-09-16T06:12:00.319Z
conv_952,C00263,sess_C00263_10,2026-09-07T06:04:29.262Z
conv_953,C00264,sess_C00264_1,2026-10-04T06:14:34.886Z
conv_954,C00264,sess_C00264_4,2026-09-25T05:58:22.667Z
conv_955,C00264,sess_C00264_7,2026-09-16T06:21:10.363Z
conv_956,C00264,sess_C00264_10,2026-09-07T06:27:46.973Z
conv_957,C00265,sess_C00265_1,2026-10-04T06:41:53.071Z
conv_958,C00265,sess_C00265_4,2026-09-25T06:41:23.589Z
conv_959,C00265,sess_C00265_7,2026-09-16T06:14:29.713Z
conv_960,C00265,sess_C00265_10,2026-09-07T06:38:45.233Z
conv_961,C00265,sess_C00265_13,2026-08-29T06:08:59.783Z
conv_962,C00265,sess_C00265_16,2026-08-20T06:18:06.760Z
conv_963,C00266,sess_C00266_1,2026-10-04T06:38:35.493Z
conv_964,C00266,sess_C00266_4,2026-09-25T05:51:09.236Z
conv_965,C00266,sess_C00266_7,2026-09-16T06:05:43.060Z
conv_966,C00266,sess_C00266_10,2026-09-07T06:49:15.898Z
conv_967,C00267,sess_C00267_1,2026-10-04T06:45:56.243Z
conv_968,C00267,sess_C00267_4,2026-09-25T06:35:39.417Z
conv_969,C00268,sess_C00268_1,2026-10-04T06:09:47.400Z
conv_970,C00268,sess_C00268_4,2026-09-25T06:30:37.421Z
conv_971,C00268,sess_C00268_7,2026-09-16T06:39:27.883Z
conv_972,C00268,sess_C00268_10,2026-09-07T06:47:42.110Z
conv_973,C00269,sess_C00269_1,2026-10-04T06:26:16.058Z
conv_974,C00269,sess_C00269_4,2026-09-25T06:24:02.688Z
conv_975,C00269,sess_C00269_7,2026-09-16T06:33:54.871Z
conv_976,C00270,sess_C00270_1,2026-10-04T06:03:45.381Z
conv_977,C00270,sess_C00270_4,2026-09-25T06:40:46.120Z
conv_978,C00270,sess_C00270_7,2026-09-16T05:52:53.597Z
conv_979,C00270,sess_C00270_10,2026-09-07T06:28:52.318Z
conv_980,C00271,sess_C00271_1,2026-10-04T05:55:27.016Z
conv_981,C00271,sess_C00271_4,2026-09-25T06:12:38.815Z
conv_982,C00272,sess_C00272_1,2026-10-04T05:52:19.548Z
conv_983,C00272,sess_C00272_4,2026-09-25T06:42:13.453Z
conv_984,C00272,sess_C00272_7,2026-09-16T06:28:43.671Z
conv_985,C00273,sess_C00273_1,2026-10-04T06:39:51.749Z
conv_986,C00273,sess_C00273_4,2026-09-25T06:10:29.347Z
conv_987,C00273,sess_C00273_7,2026-09-16T05:57:06.111Z
conv_988,C00273,sess_C00273_10,2026-09-07T06:15:29.239Z
conv_989,C00274,sess_C00274_1,2026-10-04T06:45:21.871Z
conv_990,C00274,sess_C00274_4,2026-09-25T06:42:59.026Z
conv_991,C00274,sess_C00274_7,2026-09-16T06:24:36.594Z
conv_992,C00274,sess_C00274_10,2026-09-07T06:26:28.497Z
conv_993,C00275,sess_C00275_1,2026-10-04T06:40:15.025Z
conv_994,C00275,sess_C00275_4,2026-09-25T05:59:19.464Z
conv_995,C00275,sess_C00275_7,2026-09-16T06:39:35.263Z
conv_996,C00276,sess_C00276_1,2026-10-04T06:12:30.124Z
conv_997,C00276,sess_C00276_4,2026-09-25T06:01:43.561Z
conv_998,C00277,sess_C00277_1,2026-10-04T06:36:32.000Z
conv_999,C00277,sess_C00277_4,2026-09-25T06:24:57.135Z
conv_1000,C00277,sess_C00277_7,2026-09-16T06:09:35.181Z
conv_1001,C00277,sess_C00277_10,2026-09-07T05:52:56.815Z
conv_1002,C00278,sess_C00278_1,2026-10-04T06:34:28.821Z
conv_1003,C00278,sess_C00278_4,2026-09-25T06:33:07.956Z
conv_1004,C00278,sess_C00278_7,2026-09-16T06:09:39.443Z
conv_1005,C00278,sess_C00278_10,2026-09-07T05:57:43.813Z
conv_1006,C00279,sess_C00279_1,2026-10-04T06:24:16.698Z
conv_1007,C00279,sess_C00279_4,2026-09-25T06:35:05.604Z
conv_1008,C00280,sess_C00280_1,2026-10-04T06:14:34.440Z
conv_1009,C00280,sess_C00280_4,2026-09-25T06:28:58.057Z
conv_1010,C00280,sess_C00280_7,2026-09-16T06:18:54.678Z
conv_1011,C00281,sess_C00281_1,2026-10-04T06:06:51.383Z
conv_1012,C00281,sess_C00281_4,2026-09-25T06:15:08.197Z
conv_1013,C00281,sess_C00281_7,2026-09-16T06:39:25.149Z
conv_1014,C00282,sess_C00282_1,2026-10-04T06:02:20.266Z
conv_1015,C00282,sess_C00282_4,2026-09-25T06:18:21.088Z
conv_1016,C00282,sess_C00282_7,2026-09-16T06:08:24.949Z
conv_1017,C00282,sess_C00282_10,2026-09-07T06:48:20.826Z
conv_1018,C00282,sess_C00282_13,2026-08-29T06:38:15.078Z
conv_1019,C00282,sess_C00282_16,2026-08-20T06:16:16.723Z
conv_1020,C00283,sess_C00283_1,2026-10-04T06:31:32.651Z
conv_1021,C00284,sess_C00284_1,2026-10-04T06:30:56.523Z
conv_1022,C00284,sess_C00284_4,2026-09-25T06:40:30.390Z
conv_1023,C00284,sess_C00284_7,2026-09-16T06:12:41.837Z
conv_1024,C00284,sess_C00284_10,2026-09-07T06:18:07.252Z
conv_1025,C00285,sess_C00285_1,2026-10-04T06:13:57.146Z
conv_1026,C00285,sess_C00285_4,2026-09-25T06:34:29.419Z
conv_1027,C00285,sess_C00285_7,2026-09-16T05:56:19.508Z
conv_1028,C00285,sess_C00285_10,2026-09-07T06:40:44.621Z
conv_1029,C00285,sess_C00285_13,2026-08-29T06:48:45.677Z
conv_1030,C00285,sess_C00285_16,2026-08-20T05:51:45.830Z
conv_1031,C00286,sess_C00286_1,2026-10-04T06:04:42.567Z
conv_1032,C00286,sess_C00286_4,2026-09-25T06:43:49.388Z
conv_1033,C00287,sess_C00287_1,2026-10-04T06:50:14.150Z
conv_1034,C00288,sess_C00288_1,2026-10-04T06:14:00.475Z
conv_1035,C00288,sess_C00288_4,2026-09-25T06:06:08.669Z
conv_1036,C00288,sess_C00288_7,2026-09-16T06:29:22.798Z
conv_1037,C00288,sess_C00288_10,2026-09-07T06:36:29.026Z
conv_1038,C00288,sess_C00288_13,2026-08-29T06:30:33.998Z
conv_1039,C00288,sess_C00288_16,2026-08-20T06:39:43.862Z
conv_1040,C00289,sess_C00289_1,2026-10-04T06:01:50.699Z
conv_1041,C00289,sess_C00289_4,2026-09-25T06:16:54.396Z
conv_1042,C00289,sess_C00289_7,2026-09-16T05:51:24.635Z
conv_1043,C00289,sess_C00289_10,2026-09-07T06:15:00.672Z
conv_1044,C00289,sess_C00289_13,2026-08-29T06:21:28.272Z
conv_1045,C00290,sess_C00290_1,2026-10-04T06:01:14.259Z
conv_1046,C00291,sess_C00291_1,2026-10-04T06:38:01.007Z
conv_1047,C00291,sess_C00291_4,2026-09-25T05:57:15.200Z
conv_1048,C00292,sess_C00292_1,2026-10-04T06:29:43.388Z
conv_1049,C00292,sess_C00292_4,2026-09-25T06:44:15.726Z
conv_1050,C00293,sess_C00293_1,2026-10-04T05:55:10.015Z
conv_1051,C00293,sess_C00293_4,2026-09-25T06:12:59.623Z
conv_1052,C00294,sess_C00294_1,2026-10-04T06:21:52.760Z
conv_1053,C00294,sess_C00294_4,2026-09-25T06:49:02.135Z
conv_1054,C00295,sess_C00295_1,2026-10-04T06:00:54.113Z
conv_1055,C00296,sess_C00296_1,2026-10-04T05:53:49.418Z
conv_1056,C00296,sess_C00296_4,2026-09-25T06:02:53.667Z
conv_1057,C00296,sess_C00296_7,2026-09-16T06:00:07.860Z
conv_1058,C00296,sess_C00296_10,2026-09-07T06:09:55.873Z
conv_1059,C00296,sess_C00296_13,2026-08-29T06:21:00.496Z
conv_1060,C00296,sess_C00296_16,2026-08-20T06:32:45.267Z
conv_1061,C00297,sess_C00297_1,2026-10-04T06:38:58.284Z
conv_1062,C00297,sess_C00297_4,2026-09-25T05:50:38.028Z
conv_1063,C00297,sess_C00297_7,2026-09-16T06:27:56.703Z
conv_1064,C00297,sess_C00297_10,2026-09-07T06:23:47.607Z
conv_1065,C00297,sess_C00297_13,2026-08-29T06:32:18.879Z
conv_1066,C00297,sess_C00297_16,2026-08-20T06:20:21.689Z
conv_1067,C00298,sess_C00298_1,2026-10-04T06:45:33.849Z
conv_1068,C00298,sess_C00298_4,2026-09-25T05:53:34.484Z
conv_1069,C00299,sess_C00299_1,2026-10-04T06:24:54.037Z
conv_1070,C00299,sess_C00299_4,2026-09-25T06:11:41.710Z
conv_1071,C00299,sess_C00299_7,2026-09-16T06:24:23.176Z
conv_1072,C00300,sess_C00300_1,2026-10-04T06:06:18.358Z
conv_1073,C00300,sess_C00300_4,2026-09-25T06:48:37.598Z