customer_id,preference_type,preference_value,explicit_or_inferred,confidence,created_at
C00001,cuisine,Indian,explicit,0.97,2026-09-05T05:50:25.625Z
C00001,cuisine,Chinese,explicit,0.76,2026-09-05T05:50:25.625Z
C00001,cuisine,Malaysian,explicit,0.86,2026-09-05T05:50:25.625Z
C00002,cuisine,Korean,explicit,0.92,2026-09-05T05:50:25.625Z
C00002,cuisine,African,inferred,0.96,2026-09-05T05:50:25.625Z
C00002,cuisine,Western,inferred,0.79,2026-09-05T05:50:25.625Z
C00002,dislike,tofu,explicit,1,2026-08-26T05:50:25.625Z
C00003,cuisine,Mediterranean,explicit,0.95,2026-09-05T05:50:25.625Z
C00003,cuisine,Japanese,explicit,0.75,2026-09-05T05:50:25.625Z
C00003,cuisine,Salads,explicit,0.92,2026-09-05T05:50:25.625Z
C00003,dislike,deep-fried,explicit,1,2026-08-26T05:50:25.625Z
C00004,cuisine,Thai,explicit,0.76,2026-09-05T05:50:25.625Z
C00004,cuisine,Indian,explicit,0.8,2026-09-05T05:50:25.625Z
C00004,cuisine,African,explicit,0.85,2026-09-05T05:50:25.625Z
C00004,cuisine,Korean,explicit,0.88,2026-09-05T05:50:25.625Z
C00005,cuisine,Indian,explicit,0.92,2026-09-05T05:50:25.625Z
C00005,cuisine,Mediterranean,inferred,0.97,2026-09-05T05:50:25.625Z
C00005,cuisine,Vegan,inferred,0.77,2026-09-05T05:50:25.625Z
C00005,dislike,meat,explicit,1,2026-08-26T05:50:25.625Z
C00005,dislike,chicken,explicit,1,2026-08-26T05:50:25.625Z
C00005,dislike,beef,explicit,1,2026-08-26T05:50:25.625Z
C00005,dislike,fish,explicit,1,2026-08-26T05:50:25.625Z
C00006,cuisine,African,explicit,0.95,2026-09-05T05:50:25.625Z
C00006,cuisine,Malaysian,explicit,0.98,2026-09-05T05:50:25.625Z
C00006,cuisine,Korean,inferred,0.82,2026-09-05T05:50:25.625Z
C00006,cuisine,Thai,explicit,0.95,2026-09-05T05:50:25.625Z
C00007,cuisine,Indian,explicit,0.8,2026-09-05T05:50:25.625Z
C00007,cuisine,Italian,inferred,0.85,2026-09-05T05:50:25.625Z
C00007,dislike,mushrooms,explicit,1,2026-08-26T05:50:25.625Z
C00008,cuisine,Japanese,explicit,0.93,2026-09-05T05:50:25.625Z
C00008,cuisine,Italian,inferred,0.92,2026-09-05T05:50:25.625Z
C00008,cuisine,Mediterranean,inferred,0.79,2026-09-05T05:50:25.625Z
C00009,cuisine,Indian,inferred,0.76,2026-09-05T05:50:25.625Z
C00009,cuisine,Korean,inferred,0.99,2026-09-05T05:50:25.625Z
C00009,cuisine,Thai,explicit,0.94,2026-09-05T05:50:25.625Z
C00010,allergy,peanuts,explicit,1,2026-08-06T05:50:25.625Z
C00010,cuisine,Italian,explicit,0.92,2026-09-05T05:50:25.625Z
C00010,cuisine,Japanese,explicit,0.77,2026-09-05T05:50:25.625Z
C00010,cuisine,Mediterranean,explicit,0.92,2026-09-05T05:50:25.625Z
C00011,cuisine,Indian,explicit,0.78,2026-09-05T05:50:25.625Z
C00011,cuisine,Chinese,explicit,0.82,2026-09-05T05:50:25.625Z
C00011,cuisine,Malaysian,inferred,0.98,2026-09-05T05:50:25.625Z
C00012,cuisine,Korean,explicit,0.94,2026-09-05T05:50:25.625Z
C00012,cuisine,African,explicit,0.96,2026-09-05T05:50:25.625Z
C00012,cuisine,Western,explicit,0.77,2026-09-05T05:50:25.625Z
C00012,dislike,tofu,explicit,1,2026-08-26T05:50:25.625Z
C00013,cuisine,Mediterranean,explicit,0.77,2026-09-05T05:50:25.625Z
C00013,cuisine,Japanese,inferred,0.92,2026-09-05T05:50:25.625Z
C00013,cuisine,Salads,explicit,0.91,2026-09-05T05:50:25.625Z
C00013,dislike,deep-fried,explicit,1,2026-08-26T05:50:25.625Z
C00014,cuisine,Thai,inferred,0.8,2026-09-05T05:50:25.625Z
C00014,cuisine,Indian,explicit,0.79,2026-09-05T05:50:25.625Z
C00014,cuisine,African,inferred,0.98,2026-09-05T05:50:25.625Z
C00014,cuisine,Korean,explicit,0.77,2026-09-05T05:50:25.625Z
C00015,cuisine,Indian,explicit,0.78,2026-09-05T05:50:25.625Z
C00015,cuisine,Mediterranean,explicit,0.87,2026-09-05T05:50:25.625Z
C00015,cuisine,Vegan,explicit,0.97,2026-09-05T05:50:25.625Z
C00015,dislike,meat,explicit,1,2026-08-26T05:50:25.625Z
C00015,dislike,chicken,explicit,1,2026-08-26T05:50:25.625Z
C00015,dislike,beef,explicit,1,2026-08-26T05:50:25.625Z
C00015,dislike,fish,explicit,1,2026-08-26T05:50:25.625Z
C00016,cuisine,African,inferred,0.84,2026-09-05T05:50:25.625Z
C00016,cuisine,Malaysian,explicit,0.89,2026-09-05T05:50:25.625Z
C00016,cuisine,Korean,inferred,0.9,2026-09-05T05:50:25.625Z
C00016,cuisine,Thai,explicit,0.75,2026-09-05T05:50:25.625Z
C00017,cuisine,Indian,explicit,0.9,2026-09-05T05:50:25.625Z
C00017,cuisine,Italian,explicit,0.83,2026-09-05T05:50:25.625Z
C00017,dislike,mushrooms,explicit,1,2026-08-26T05:50:25.625Z
C00018,cuisine,Japanese,explicit,0.81,2026-09-05T05:50:25.625Z
C00018,cuisine,Italian,explicit,0.79,2026-09-05T05:50:25.625Z
C00018,cuisine,Mediterranean,explicit,0.86,2026-09-05T05:50:25.625Z
C00019,cuisine,Indian,explicit,0.79,2026-09-05T05:50:25.625Z
C00019,cuisine,Korean,inferred,0.84,2026-09-05T05:50:25.625Z
C00019,cuisine,Thai,inferred,0.84,2026-09-05T05:50:25.625Z
C00020,allergy,peanuts,explicit,1,2026-08-06T05:50:25.625Z
C00020,cuisine,Italian,explicit,0.85,2026-09-05T05:50:25.625Z
C00020,cuisine,Japanese,explicit,0.78,2026-09-05T05:50:25.625Z
C00020,cuisine,Mediterranean,inferred,0.81,2026-09-05T05:50:25.625Z
C00021,cuisine,Indian,explicit,0.85,2026-09-05T05:50:25.625Z
C00021,cuisine,Chinese,inferred,0.98,2026-09-05T05:50:25.625Z
C00021,cuisine,Malaysian,inferred,0.95,2026-09-05T05:50:25.625Z
C00022,cuisine,Korean,inferred,0.94,2026-09-05T05:50:25.625Z
C00022,cuisine,African,explicit,0.96,2026-09-05T05:50:25.625Z
C00022,cuisine,Western,inferred,0.96,2026-09-05T05:50:25.625Z
C00022,dislike,tofu,explicit,1,2026-08-26T05:50:25.625Z
C00023,cuisine,Mediterranean,explicit,0.98,2026-09-05T05:50:25.625Z
C00023,cuisine,Japanese,explicit,0.79,2026-09-05T05:50:25.625Z
C00023,cuisine,Salads,inferred,0.78,2026-09-05T05:50:25.625Z
C00023,dislike,deep-fried,explicit,1,2026-08-26T05:50:25.625Z
C00024,cuisine,Thai,inferred,0.78,2026-09-05T05:50:25.625Z
C00024,cuisine,Indian,inferred,0.87,2026-09-05T05:50:25.625Z
C00024,cuisine,African,explicit,0.83,2026-09-05T05:50:25.625Z
C00024,cuisine,Korean,inferred,0.97,2026-09-05T05:50:25.625Z
C00025,cuisine,Indian,explicit,0.77,2026-09-05T05:50:25.625Z
C00025,cuisine,Mediterranean,explicit,0.79,2026-09-05T05:50:25.625Z
C00025,cuisine,Vegan,explicit,0.8,2026-09-05T05:50:25.625Z
C00025,dislike,meat,explicit,1,2026-08-26T05:50:25.625Z
C00025,dislike,chicken,explicit,1,2026-08-26T05:50:25.625Z
C00025,dislike,beef,explicit,1,2026-08-26T05:50:25.625Z
C00025,dislike,fish,explicit,1,2026-08-26T05:50:25.625Z
C00026,cuisine,African,explicit,0.76,2026-09-05T05:50:25.625Z
C00026,cuisine,Malaysian,explicit,0.83,2026-09-05T05:50:25.625Z
C00026,cuisine,Korean,explicit,0.94,2026-09-05T05:50:25.625Z
C00026,cuisine,Thai,inferred,0.97,2026-09-05T05:50:25.625Z
C00027,cuisine,Indian,inferred,0.82,2026-09-05T05:50:25.625Z
C00027,cuisine,Italian,explicit,0.87,2026-09-05T05:50:25.625Z
C00027,dislike,mushrooms,explicit,1,2026-08-26T05:50:25.625Z
C00028,cuisine,Japanese,inferred,0.94,2026-09-05T05:50:25.625Z
C00028,cuisine,Italian,explicit,0.83,2026-09-05T05:50:25.625Z
C00028,cuisine,Mediterranean,inferred,0.89,2026-09-05T05:50:25.625Z
C00029,cuisine,Indian,explicit,0.8,2026-09-05T05:50:25.625Z
C00029,cuisine,Korean,inferred,0.78,2026-09-05T05:50:25.625Z
C00029,cuisine,Thai,inferred,0.96,2026-09-05T05:50:25.625Z
C00030,allergy,peanuts,explicit,1,2026-08-06T05:50:25.625Z
C00030,cuisine,Italian,inferred,0.96,2026-09-05T05:50:25.625Z
C00030,cuisine,Japanese,explicit,0.94,2026-09-05T05:50:25.625Z
C00030,cuisine,Mediterranean,explicit,0.87,2026-09-05T05:50:25.625Z
C00031,cuisine,Indian,explicit,0.89,2026-09-05T05:50:25.625Z
C00031,cuisine,Chinese,inferred,0.94,2026-09-05T05:50:25.625Z
C00031,cuisine,Malaysian,explicit,0.86,2026-09-05T05:50:25.625Z
C00032,cuisine,Korean,explicit,0.88,2026-09-05T05:50:25.625Z
C00032,cuisine,African,explicit,0.81,2026-09-05T05:50:25.625Z
C00032,cuisine,Western,inferred,0.87,2026-09-05T05:50:25.625Z
C00032,dislike,tofu,explicit,1,2026-08-26T05:50:25.625Z
C00033,cuisine,Mediterranean,inferred,0.96,2026-09-05T05:50:25.625Z
C00033,cuisine,Japanese,explicit,0.92,2026-09-05T05:50:25.625Z
C00033,cuisine,Salads,explicit,0.98,2026-09-05T05:50:25.625Z
C00033,dislike,deep-fried,explicit,1,2026-08-26T05:50:25.625Z
C00034,cuisine,Thai,explicit,0.8,2026-09-05T05:50:25.625Z
C00034,cuisine,Indian,explicit,0.84,2026-09-05T05:50:25.625Z
C00034,cuisine,African,explicit,0.77,2026-09-05T05:50:25.625Z
C00034,cuisine,Korean,explicit,0.88,2026-09-05T05:50:25.625Z
C00035,cuisine,Indian,explicit,0.87,2026-09-05T05:50:25.625Z
C00035,cuisine,Mediterranean,explicit,0.96,2026-09-05T05:50:25.625Z
C00035,cuisine,Vegan,explicit,0.79,2026-09-05T05:50:25.625Z
C00035,dislike,meat,explicit,1,2026-08-26T05:50:25.625Z
C00035,dislike,chicken,explicit,1,2026-08-26T05:50:25.625Z
C00035,dislike,beef,explicit,1,2026-08-26T05:50:25.625Z
C00035,dislike,fish,explicit,1,2026-08-26T05:50:25.625Z
C00036,cuisine,African,explicit,0.88,2026-09-05T05:50:25.625Z
C00036,cuisine,Malaysian,inferred,0.96,2026-09-05T05:50:25.625Z
C00036,cuisine,Korean,explicit,0.85,2026-09-05T05:50:25.625Z
C00036,cuisine,Thai,explicit,0.76,2026-09-05T05:50:25.625Z
C00037,cuisine,Indian,inferred,0.76,2026-09-05T05:50:25.625Z
C00037,cuisine,Italian,inferred,0.88,2026-09-05T05:50:25.625Z
C00037,dislike,mushrooms,explicit,1,2026-08-26T05:50:25.625Z
C00038,cuisine,Japanese,inferred,0.81,2026-09-05T05:50:25.625Z
C00038,cuisine,Italian,explicit,0.93,2026-09-05T05:50:25.625Z
C00038,cuisine,Mediterranean,explicit,0.75,2026-09-05T05:50:25.625Z
C00039,cuisine,Indian,inferred,0.75,2026-09-05T05:50:25.625Z
C00039,cuisine,Korean,inferred,0.85,2026-09-05T05:50:25.625Z
C00039,cuisine,Thai,explicit,0.82,2026-09-05T05:50:25.625Z
C00040,allergy,peanuts,explicit,1,2026-08-06T05:50:25.625Z
C00040,cuisine,Italian,inferred,0.85,2026-09-05T05:50:25.625Z
C00040,cuisine,Japanese,explicit,0.82,2026-09-05T05:50:25.625Z
C00040,cuisine,Mediterranean,explicit,0.91,2026-09-05T05:50:25.625Z
C00041,cuisine,Indian,explicit,0.91,2026-09-05T05:50:25.625Z
C00041,cuisine,Chinese,inferred,0.94,2026-09-05T05:50:25.625Z
C00041,cuisine,Malaysian,inferred,0.91,2026-09-05T05:50:25.625Z
C00042,cuisine,Korean,inferred,0.86,2026-09-05T05:50:25.625Z
C00042,cuisine,African,inferred,0.83,2026-09-05T05:50:25.625Z
C00042,cuisine,Western,explicit,0.83,2026-09-05T05:50:25.625Z
C00042,dislike,tofu,explicit,1,2026-08-26T05:50:25.625Z
C00043,cuisine,Mediterranean,explicit,0.98,2026-09-05T05:50:25.626Z
C00043,cuisine,Japanese,inferred,0.98,2026-09-05T05:50:25.626Z
C00043,cuisine,Salads,explicit,0.82,2026-09-05T05:50:25.626Z
C00043,dislike,deep-fried,explicit,1,2026-08-26T05:50:25.626Z
C00044,cuisine,Thai,inferred,0.86,2026-09-05T05:50:25.626Z
C00044,cuisine,Indian,explicit,0.94,2026-09-05T05:50:25.626Z
C00044,cuisine,African,explicit,0.94,2026-09-05T05:50:25.626Z
C00044,cuisine,Korean,inferred,0.96,2026-09-05T05:50:25.626Z
C00045,cuisine,Indian,explicit,0.77,2026-09-05T05:50:25.626Z
C00045,cuisine,Mediterranean,inferred,0.79,2026-09-05T05:50:25.626Z
C00045,cuisine,Vegan,explicit,0.88,2026-09-05T05:50:25.626Z
C00045,dislike,meat,explicit,1,2026-08-26T05:50:25.626Z
C00045,dislike,chicken,explicit,1,2026-08-26T05:50:25.626Z
C00045,dislike,beef,explicit,1,2026-08-26T05:50:25.626Z
C00045,dislike,fish,explicit,1,2026-08-26T05:50:25.626Z
C00046,cuisine,African,inferred,0.94,2026-09-05T05:50:25.626Z
C00046,cuisine,Malaysian,explicit,0.76,2026-09-05T05:50:25.626Z
C00046,cuisine,Korean,explicit,0.97,2026-09-05T05:50:25.626Z
C00046,cuisine,Thai,explicit,0.88,2026-09-05T05:50:25.626Z
C00047,cuisine,Indian,inferred,0.92,2026-09-05T05:50:25.626Z
C00047,cuisine,Italian,explicit,0.84,2026-09-05T05:50:25.626Z
C00047,dislike,mushrooms,explicit,1,2026-08-26T05:50:25.626Z
C00048,cuisine,Japanese,inferred,0.9,2026-09-05T05:50:25.626Z
C00048,cuisine,Italian,inferred,0.94,2026-09-05T05:50:25.626Z
C00048,cuisine,Mediterranean,explicit,0.99,2026-09-05T05:50:25.626Z
C00049,cuisine,Indian,explicit,0.9,2026-09-05T05:50:25.626Z
C00049,cuisine,Korean,explicit,0.89,2026-09-05T05:50:25.626Z
C00049,cuisine,Thai,inferred,0.97,2026-09-05T05:50:25.626Z
C00050,allergy,peanuts,explicit,1,2026-08-06T05:50:25.626Z
C00050,cuisine,Italian,explicit,0.92,2026-09-05T05:50:25.626Z
C00050,cuisine,Japanese,explicit,0.89,2026-09-05T05:50:25.626Z
C00050,cuisine,Mediterranean,inferred,0.94,2026-09-05T05:50:25.626Z
C00051,cuisine,Indian,explicit,0.98,2026-09-05T05:50:25.626Z
C00051,cuisine,Chinese,explicit,0.78,2026-09-05T05:50:25.626Z
C00051,cuisine,Malaysian,explicit,0.83,2026-09-05T05:50:25.626Z
C00052,cuisine,Korean,explicit,0.79,2026-09-05T05:50:25.626Z
C00052,cuisine,African,inferred,0.82,2026-09-05T05:50:25.626Z
C00052,cuisine,Western,inferred,0.93,2026-09-05T05:50:25.626Z
C00052,dislike,tofu,explicit,1,2026-08-26T05:50:25.626Z
C00053,cuisine,Mediterranean,inferred,0.93,2026-09-05T05:50:25.626Z
C00053,cuisine,Japanese,explicit,0.85,2026-09-05T05:50:25.626Z
C00053,cuisine,Salads,explicit,0.79,2026-09-05T05:50:25.626Z
C00053,dislike,deep-fried,explicit,1,2026-08-26T05:50:25.626Z
C00054,cuisine,Thai,explicit,0.97,2026-09-05T05:50:25.626Z
C00054,cuisine,Indian,explicit,0.97,2026-09-05T05:50:25.626Z
C00054,cuisine,African,explicit,0.93,2026-09-05T05:50:25.626Z
C00054,cuisine,Korean,inferred,0.96,2026-09-05T05:50:25.626Z
C00055,cuisine,Indian,explicit,0.87,2026-09-05T05:50:25.626Z
C00055,cuisine,Mediterranean,explicit,0.84,2026-09-05T05:50:25.626Z
C00055,cuisine,Vegan,inferred,0.86,2026-09-05T05:50:25.626Z
C00055,dislike,meat,explicit,1,2026-08-26T05:50:25.626Z
C00055,dislike,chicken,explicit,1,2026-08-26T05:50:25.626Z
C00055,dislike,beef,explicit,1,2026-08-26T05:50:25.626Z
C00055,dislike,fish,explicit,1,2026-08-26T05:50:25.626Z
C00056,cuisine,African,inferred,0.81,2026-09-05T05:50:25.626Z
C00056,cuisine,Malaysian,inferred,0.84,2026-09-05T05:50:25.626Z
C00056,cuisine,Korean,explicit,0.79,2026-09-05T05:50:25.626Z
C00056,cuisine,Thai,inferred,0.87,2026-09-05T05:50:25.626Z
C00057,cuisine,Indian,explicit,0.83,2026-09-05T05:50:25.626Z
C00057,cuisine,Italian,explicit,0.93,2026-09-05T05:50:25.626Z
C00057,dislike,mushrooms,explicit,1,2026-08-26T05:50:25.626Z
C00058,cuisine,Japanese,explicit,0.95,2026-09-05T05:50:25.626Z
C00058,cuisine,Italian,explicit,0.89,2026-09-05T05:50:25.626Z
C00058,cuisine,Mediterranean,explicit,0.94,2026-09-05T05:50:25.626Z
C00059,cuisine,Indian,explicit,0.87,2026-09-05T05:50:25.626Z
C00059,cuisine,Korean,explicit,0.78,2026-09-05T05:50:25.626Z
C00059,cuisine,Thai,explicit,0.82,2026-09-05T05:50:25.626Z
C00060,allergy,peanuts,explicit,1,2026-08-06T05:50:25.626Z
C00060,cuisine,Italian,explicit,0.89,2026-09-05T05:50:25.626Z
C00060,cuisine,Japanese,inferred,0.98,2026-09-05T05:50:25.626Z
C00060,cuisine,Mediterranean,explicit,0.86,2026-09-05T05:50:25.626Z
C00061,cuisine,Indian,inferred,0.85,2026-09-05T05:50:25.626Z
C00061,cuisine,Chinese,explicit,0.82,2026-09-05T05:50:25.626Z
C00061,cuisine,Malaysian,explicit,0.8,2026-09-05T05:50:25.626Z
C00062,cuisine,Korean,explicit,0.89,2026-09-05T05:50:25.626Z
C00062,cuisine,African,inferred,0.87,2026-09-05T05:50:25.626Z
C00062,cuisine,Western,inferred,0.89,2026-09-05T05:50:25.626Z
C00062,dislike,tofu,explicit,1,2026-08-26T05:50:25.626Z
C00063,cuisine,Mediterranean,explicit,0.82,2026-09-05T05:50:25.626Z
C00063,cuisine,Japanese,inferred,0.85,2026-09-05T05:50:25.626Z
C00063,cuisine,Salads,explicit,0.91,2026-09-05T05:50:25.626Z
C00063,dislike,deep-fried,explicit,1,2026-08-26T05:50:25.626Z
C00064,cuisine,Thai,explicit,0.84,2026-09-05T05:50:25.626Z
C00064,cuisine,Indian,inferred,0.99,2026-09-05T05:50:25.626Z
C00064,cuisine,African,explicit,0.79,2026-09-05T05:50:25.626Z
C00064,cuisine,Korean,explicit,0.8,2026-09-05T05:50:25.626Z
C00065,cuisine,Indian,inferred,0.98,2026-09-05T05:50:25.626Z
C00065,cuisine,Mediterranean,explicit,0.83,2026-09-05T05:50:25.626Z
C00065,cuisine,Vegan,inferred,0.87,2026-09-05T05:50:25.626Z
C00065,dislike,meat,explicit,1,2026-08-26T05:50:25.626Z
C00065,dislike,chicken,explicit,1,2026-08-26T05:50:25.626Z
C00065,dislike,beef,explicit,1,2026-08-26T05:50:25.626Z
C00065,dislike,fish,explicit,1,2026-08-26T05:50:25.626Z
C00066,cuisine,African,explicit,0.81,2026-09-05T05:50:25.626Z
C00066,cuisine,Malaysian,inferred,0.83,2026-09-05T05:50:25.626Z
C00066,cuisine,Korean,explicit,0.82,2026-09-05T05:50:25.626Z
C00066,cuisine,Thai,explicit,0.99,2026-09-05T05:50:25.626Z
C00067,cuisine,Indian,explicit,0.81,2026-09-05T05:50:25.626Z
C00067,cuisine,Italian,explicit,0.91,2026-09-05T05:50:25.626Z
C00067,dislike,mushrooms,explicit,1,2026-08-26T05:50:25.626Z
C00068,cuisine,Japanese,explicit,0.83,2026-09-05T05:50:25.626Z
C00068,cuisine,Italian,explicit,0.84,2026-09-05T05:50:25.626Z
C00068,cuisine,Mediterranean,explicit,0.98,2026-09-05T05:50:25.626Z
C00069,cuisine,Indian,inferred,0.89,2026-09-05T05:50:25.626Z
C00069,cuisine,Korean,explicit,0.84,2026-09-05T05:50:25.626Z
C00069,cuisine,Thai,explicit,0.88,2026-09-05T05:50:25.626Z
C00070,allergy,peanuts,explicit,1,2026-08-06T05:50:25.626Z
C00070,cuisine,Italian,explicit,0.78,2026-09-05T05:50:25.626Z
C00070,cuisine,Japanese,explicit,0.8,2026-09-05T05:50:25.626Z
C00070,cuisine,Mediterranean,inferred,0.8,2026-09-05T05:50:25.626Z
C00071,cuisine,Indian,explicit,0.78,2026-09-05T05:50:25.626Z
C00071,cuisine,Chinese,explicit,0.76,2026-09-05T05:50:25.626Z
C00071,cuisine,Malaysian,explicit,0.97,2026-09-05T05:50:25.626Z
C00072,cuisine,Korean,explicit,0.79,2026-09-05T05:50:25.626Z
C00072,cuisine,African,inferred,0.85,2026-09-05T05:50:25.626Z
C00072,cuisine,Western,explicit,0.89,2026-09-05T05:50:25.626Z
C00072,dislike,tofu,explicit,1,2026-08-26T05:50:25.626Z
C00073,cuisine,Mediterranean,inferred,0.82,2026-09-05T05:50:25.626Z
C00073,cuisine,Japanese,inferred,0.76,2026-09-05T05:50:25.626Z
C00073,cuisine,Salads,inferred,0.89,2026-09-05T05:50:25.626Z
C00073,dislike,deep-fried,explicit,1,2026-08-26T05:50:25.626Z
C00074,cuisine,Thai,explicit,0.98,2026-09-05T05:50:25.626Z
C00074,cuisine,Indian,explicit,0.82,2026-09-05T05:50:25.626Z
C00074,cuisine,African,explicit,0.88,2026-09-05T05:50:25.626Z
C00074,cuisine,Korean,explicit,0.89,2026-09-05T05:50:25.626Z
C00075,cuisine,Indian,inferred,0.91,2026-09-05T05:50:25.626Z
C00075,cuisine,Mediterranean,explicit,0.83,2026-09-05T05:50:25.626Z
C00075,cuisine,Vegan,explicit,0.87,2026-09-05T05:50:25.626Z
C00075,dislike,meat,explicit,1,2026-08-26T05:50:25.626Z
C00075,dislike,chicken,explicit,1,2026-08-26T05:50:25.626Z
C00075,dislike,beef,explicit,1,2026-08-26T05:50:25.626Z
C00075,dislike,fish,explicit,1,2026-08-26T05:50:25.626Z
C00076,cuisine,African,explicit,0.77,2026-09-05T05:50:25.626Z
C00076,cuisine,Malaysian,explicit,0.88,2026-09-05T05:50:25.626Z
C00076,cuisine,Korean,inferred,0.76,2026-09-05T05:50:25.626Z
C00076,cuisine,Thai,explicit,0.98,2026-09-05T05:50:25.626Z
C00077,cuisine,Indian,inferred,0.91,2026-09-05T05:50:25.626Z
C00077,cuisine,Italian,explicit,0.85,2026-09-05T05:50:25.626Z
C00077,dislike,mushrooms,explicit,1,2026-08-26T05:50:25.626Z
C00078,cuisine,Japanese,explicit,0.86,2026-09-05T05:50:25.626Z
C00078,cuisine,Italian,inferred,0.87,2026-09-05T05:50:25.626Z
C00078,cuisine,Mediterranean,inferred,0.84,2026-09-05T05:50:25.626Z
C00079,cuisine,Indian,explicit,0.76,2026-09-05T05:50:25.626Z
C00079,cuisine,Korean,explicit,0.98,2026-09-05T05:50:25.626Z
C00079,cuisine,Thai,inferred,0.76,2026-09-05T05:50:25.626Z
C00080,allergy,peanuts,explicit,1,2026-08-06T05:50:25.626Z
C00080,cuisine,Italian,explicit,0.85,2026-09-05T05:50:25.626Z
C00080,cuisine,Japanese,explicit,0.94,2026-09-05T05:50:25.626Z
C00080,cuisine,Mediterranean,inferred,0.95,2026-09-05T05:50:25.626Z
C00081,cuisine,Indian,inferred,0.88,2026-09-05T05:50:25.626Z
C00081,cuisine,Chinese,inferred,0.8,2026-09-05T05:50:25.626Z
C00081,cuisine,Malaysian,inferred,0.93,2026-09-05T05:50:25.626Z
C00082,cuisine,Korean,inferred,0.86,2026-09-05T05:50:25.626Z
C00082,cuisine,African,explicit,0.77,2026-09-05T05:50:25.626Z
C00082,cuisine,Western,inferred,0.83,2026-09-05T05:50:25.626Z
C00082,dislike,tofu,explicit,1,2026-08-26T05:50:25.626Z
C00083,cuisine,Mediterranean,explicit,0.77,2026-09-05T05:50:25.626Z
C00083,cuisine,Japanese,inferred,0.81,2026-09-05T05:50:25.626Z
C00083,cuisine,Salads,inferred,0.95,2026-09-05T05:50:25.626Z
C00083,dislike,deep-fried,explicit,1,2026-08-26T05:50:25.626Z
C00084,cuisine,Thai,explicit,0.82,2026-09-05T05:50:25.626Z
C00084,cuisine,Indian,explicit,0.98,2026-09-05T05:50:25.626Z
C00084,cuisine,African,inferred,0.89,2026-09-05T05:50:25.626Z
C00084,cuisine,Korean,inferred,0.79,2026-09-05T05:50:25.626Z
C00085,cuisine,Indian,explicit,0.9,2026-09-05T05:50:25.626Z
C00085,cuisine,Mediterranean,inferred,0.82,2026-09-05T05:50:25.626Z
C00085,cuisine,Vegan,explicit,0.76,2026-09-05T05:50:25.626Z
C00085,dislike,meat,explicit,1,2026-08-26T05:50:25.626Z
C00085,dislike,chicken,explicit,1,2026-08-26T05:50:25.626Z
C00085,dislike,beef,explicit,1,2026-08-26T05:50:25.626Z
C00085,dislike,fish,explicit,1,2026-08-26T05:50:25.626Z
C00086,cuisine,African,inferred,0.81,2026-09-05T05:50:25.626Z
C00086,cuisine,Malaysian,explicit,0.77,2026-09-05T05:50:25.626Z
C00086,cuisine,Korean,inferred,0.76,2026-09-05T05:50:25.626Z
C00086,cuisine,Thai,inferred,0.89,2026-09-05T05:50:25.626Z
C00087,cuisine,Indian,explicit,0.88,2026-09-05T05:50:25.626Z
C00087,cuisine,Italian,explicit,0.91,2026-09-05T05:50:25.626Z
C00087,dislike,mushrooms,explicit,1,2026-08-26T05:50:25.626Z
C00088,cuisine,Japanese,inferred,0.9,2026-09-05T05:50:25.626Z
C00088,cuisine,Italian,explicit,0.79,2026-09-05T05:50:25.626Z
C00088,cuisine,Mediterranean,explicit,0.94,2026-09-05T05:50:25.626Z
C00089,cuisine,Indian,explicit,0.83,2026-09-05T05:50:25.626Z
C00089,cuisine,Korean,explicit,0.83,2026-09-05T05:50:25.626Z
C00089,cuisine,Thai,explicit,0.78,2026-09-05T05:50:25.626Z
C00090,allergy,peanuts,explicit,1,2026-08-06T05:50:25.626Z
C00090,cuisine,Italian,inferred,0.96,2026-09-05T05:50:25.626Z
C00090,cuisine,Japanese,inferred,0.97,2026-09-05T05:50:25.626Z
C00090,cuisine,Mediterranean,inferred,0.83,2026-09-05T05:50:25.626Z
C00091,cuisine,Indian,inferred,0.91,2026-09-05T05:50:25.626Z
C00091,cuisine,Chinese,explicit,0.92,2026-09-05T05:50:25.626Z
C00091,cuisine,Malaysian,inferred,0.88,2026-09-05T05:50:25.626Z
C00092,cuisine,Korean,explicit,0.77,2026-09-05T05:50:25.626Z
C00092,cuisine,African,inferred,0.97,2026-09-05T05:50:25.626Z
C00092,cuisine,Western,inferred,0.99,2026-09-05T05:50:25.626Z
C00092,dislike,tofu,explicit,1,2026-08-26T05:50:25.626Z
C00093,cuisine,Mediterranean,explicit,0.91,2026-09-05T05:50:25.626Z
C00093,cuisine,Japanese,explicit,0.84,2026-09-05T05:50:25.626Z
C00093,cuisine,Salads,inferred,0.8,2026-09-05T05:50:25.626Z
C00093,dislike,deep-fried,explicit,1,2026-08-26T05:50:25.626Z
C00094,cuisine,Thai,inferred,0.94,2026-09-05T05:50:25.626Z
C00094,cuisine,Indian,explicit,0.84,2026-09-05T05:50:25.626Z
C00094,cuisine,African,explicit,0.87,2026-09-05T05:50:25.626Z
C00094,cuisine,Korean,inferred,0.92,2026-09-05T05:50:25.626Z
C00095,cuisine,Indian,inferred,0.84,2026-09-05T05:50:25.626Z
C00095,cuisine,Mediterranean,explicit,0.84,2026-09-05T05:50:25.626Z
C00095,cuisine,Vegan,explicit,0.8,2026-09-05T05:50:25.626Z
C00095,dislike,meat,explicit,1,2026-08-26T05:50:25.626Z
C00095,dislike,chicken,explicit,1,2026-08-26T05:50:25.626Z
C00095,dislike,beef,explicit,1,2026-08-26T05:50:25.626Z
C00095,dislike,fish,explicit,1,2026-08-26T05:50:25.626Z
C00096,cuisine,African,explicit,0.93,2026-09-05T05:50:25.626Z
C00096,cuisine,Malaysian,inferred,0.87,2026-09-05T05:50:25.626Z
C00096,cuisine,Korean,explicit,0.81,2026-09-05T05:50:25.626Z
C00096,cuisine,Thai,inferred,0.95,2026-09-05T05:50:25.626Z
C00097,cuisine,Indian,inferred,0.85,2026-09-05T05:50:25.626Z
C00097,cuisine,Italian,inferred,0.8,2026-09-05T05:50:25.626Z
C00097,dislike,mushrooms,explicit,1,2026-08-26T05:50:25.626Z
C00098,cuisine,Japanese,explicit,0.88,2026-09-05T05:50:25.626Z
C00098,cuisine,Italian,explicit,0.88,2026-09-05T05:50:25.626Z
C00098,cuisine,Mediterranean,explicit,0.95,2026-09-05T05:50:25.626Z
C00099,cuisine,Indian,explicit,0.77,2026-09-05T05:50:25.626Z
C00099,cuisine,Korean,inferred,0.75,2026-09-05T05:50:25.626Z
C00099,cuisine,Thai,inferred,0.96,2026-09-05T05:50:25.626Z
C00100,allergy,peanuts,explicit,1,2026-08-06T05:50:25.626Z
C00100,cuisine,Italian,inferred,0.85,2026-09-05T05:50:25.626Z
C00100,cuisine,Japanese,inferred,0.82,2026-09-05T05:50:25.626Z
C00100,cuisine,Mediterranean,explicit,0.82,2026-09-05T05:50:25.626Z
C00101,cuisine,Indian,explicit,0.88,2026-09-05T05:50:25.626Z
C00101,cuisine,Chinese,explicit,0.94,2026-09-05T05:50:25.626Z
C00101,cuisine,Malaysian,explicit,0.92,2026-09-05T05:50:25.626Z
C00102,cuisine,Korean,explicit,0.76,2026-09-05T05:50:25.626Z
C00102,cuisine,African,explicit,0.96,2026-09-05T05:50:25.626Z
C00102,cuisine,Western,inferred,0.88,2026-09-05T05:50:25.626Z
C00102,dislike,tofu,explicit,1,2026-08-26T05:50:25.626Z
C00103,cuisine,Mediterranean,explicit,0.77,2026-09-05T05:50:25.626Z
C00103,cuisine,Japanese,inferred,0.91,2026-09-05T05:50:25.626Z
C00103,cuisine,Salads,explicit,0.77,2026-09-05T05:50:25.626Z
C00103,dislike,deep-fried,explicit,1,2026-08-26T05:50:25.626Z
C00104,cuisine,Thai,explicit,0.76,2026-09-05T05:50:25.626Z
C00104,cuisine,Indian,inferred,0.91,2026-09-05T05:50:25.626Z
C00104,cuisine,African,inferred,0.99,2026-09-05T05:50:25.626Z
C00104,cuisine,Korean,explicit,0.83,2026-09-05T05:50:25.626Z
C00105,cuisine,Indian,inferred,0.97,2026-09-05T05:50:25.626Z
C00105,cuisine,Mediterranean,inferred,0.85,2026-09-05T05:50:25.626Z
C00105,cuisine,Vegan,explicit,0.88,2026-09-05T05:50:25.626Z
C00105,dislike,meat,explicit,1,2026-08-26T05:50:25.626Z
C00105,dislike,chicken,explicit,1,2026-08-26T05:50:25.626Z
C00105,dislike,beef,explicit,1,2026-08-26T05:50:25.626Z
C00105,dislike,fish,explicit,1,2026-08-26T05:50:25.626Z
C00106,cuisine,African,explicit,0.95,2026-09-05T05:50:25.626Z
C00106,cuisine,Malaysian,inferred,0.86,2026-09-05T05:50:25.626Z
C00106,cuisine,Korean,explicit,0.86,2026-09-05T05:50:25.626Z
C00106,cuisine,Thai,explicit,0.99,2026-09-05T05:50:25.626Z
C00107,cuisine,Indian,explicit,0.95,2026-09-05T05:50:25.626Z
C00107,cuisine,Italian,inferred,0.95,2026-09-05T05:50:25.626Z
C00107,dislike,mushrooms,explicit,1,2026-08-26T05:50:25.626Z
C00108,cuisine,Japanese,explicit,0.94,2026-09-05T05:50:25.626Z
C00108,cuisine,Italian,explicit,0.77,2026-09-05T05:50:25.626Z
C00108,cuisine,Mediterranean,explicit,0.82,2026-09-05T05:50:25.626Z
C00109,cuisine,Indian,inferred,0.8,2026-09-05T05:50:25.626Z
C00109,cuisine,Korean,explicit,0.94,2026-09-05T05:50:25.626Z
C00109,cuisine,Thai,explicit,0.75,2026-09-05T05:50:25.626Z
C00110,allergy,peanuts,explicit,1,2026-08-06T05:50:25.626Z
C00110,cuisine,Italian,inferred,0.76,2026-09-05T05:50:25.626Z
C00110,cuisine,Japanese,explicit,0.94,2026-09-05T05:50:25.626Z
C00110,cuisine,Mediterranean,inferred,0.75,2026-09-05T05:50:25.626Z
C00111,cuisine,Indian,inferred,0.88,2026-09-05T05:50:25.626Z
C00111,cuisine,Chinese,inferred,0.97,2026-09-05T05:50:25.626Z
C00111,cuisine,Malaysian,explicit,0.98,2026-09-05T05:50:25.626Z
C00112,cuisine,Korean,inferred,0.75,2026-09-05T05:50:25.626Z
C00112,cuisine,African,explicit,0.86,2026-09-05T05:50:25.626Z
C00112,cuisine,Western,explicit,0.93,2026-09-05T05:50:25.626Z
C00112,dislike,tofu,explicit,1,2026-08-26T05:50:25.626Z
C00113,cuisine,Mediterranean,inferred,0.95,2026-09-05T05:50:25.626Z
C00113,cuisine,Japanese,inferred,0.9,2026-09-05T05:50:25.626Z
C00113,cuisine,Salads,explicit,0.94,2026-09-05T05:50:25.626Z
C00113,dislike,deep-fried,explicit,1,2026-08-26T05:50:25.626Z
C00114,cuisine,Thai,explicit,0.77,2026-09-05T05:50:25.626Z
C00114,cuisine,Indian,explicit,0.82,2026-09-05T05:50:25.626Z
C00114,cuisine,African,explicit,0.96,2026-09-05T05:50:25.626Z
C00114,cuisine,Korean,explicit,0.89,2026-09-05T05:50:25.626Z
C00115,cuisine,Indian,inferred,0.9,2026-09-05T05:50:25.626Z
C00115,cuisine,Mediterranean,inferred,0.76,2026-09-05T05:50:25.626Z
C00115,cuisine,Vegan,inferred,0.79,2026-09-05T05:50:25.626Z
C00115,dislike,meat,explicit,1,2026-08-26T05:50:25.626Z
C00115,dislike,chicken,explicit,1,2026-08-26T05:50:25.626Z
C00115,dislike,beef,explicit,1,2026-08-26T05:50:25.626Z
C00115,dislike,fish,explicit,1,2026-08-26T05:50:25.626Z
C00116,cuisine,African,inferred,0.89,2026-09-05T05:50:25.626Z
C00116,cuisine,Malaysian,explicit,0.89,2026-09-05T05:50:25.626Z
C00116,cuisine,Korean,explicit,0.85,2026-09-05T05:50:25.626Z
C00116,cuisine,Thai,inferred,0.77,2026-09-05T05:50:25.626Z
C00117,cuisine,Indian,explicit,0.88,2026-09-05T05:50:25.626Z
C00117,cuisine,Italian,explicit,0.92,2026-09-05T05:50:25.626Z
C00117,dislike,mushrooms,explicit,1,2026-08-26T05:50:25.626Z
C00118,cuisine,Japanese,inferred,0.89,2026-09-05T05:50:25.626Z
C00118,cuisine,Italian,explicit,0.89,2026-09-05T05:50:25.626Z
C00118,cuisine,Mediterranean,explicit,0.85,2026-09-05T05:50:25.626Z
C00119,cuisine,Indian,inferred,0.79,2026-09-05T05:50:25.626Z
C00119,cuisine,Korean,inferred,0.87,2026-09-05T05:50:25.626Z
C00119,cuisine,Thai,explicit,0.87,2026-09-05T05:50:25.626Z
C00120,allergy,peanuts,explicit,1,2026-08-06T05:50:25.626Z
C00120,cuisine,Italian,explicit,0.77,2026-09-05T05:50:25.626Z
C00120,cuisine,Japanese,explicit,0.89,2026-09-05T05:50:25.626Z
C00120,cuisine,Mediterranean,inferred,0.88,2026-09-05T05:50:25.626Z
C00121,cuisine,Indian,explicit,0.98,2026-09-05T05:50:25.626Z
C00121,cuisine,Chinese,explicit,0.75,2026-09-05T05:50:25.626Z
C00121,cuisine,Malaysian,explicit,0.85,2026-09-05T05:50:25.626Z
C00122,cuisine,Korean,explicit,0.78,2026-09-05T05:50:25.626Z
C00122,cuisine,African,explicit,0.97,2026-09-05T05:50:25.626Z
C00122,cuisine,Western,inferred,0.84,2026-09-05T05:50:25.626Z
C00122,dislike,tofu,explicit,1,2026-08-26T05:50:25.626Z
C00123,cuisine,Mediterranean,explicit,0.79,2026-09-05T05:50:25.626Z
C00123,cuisine,Japanese,inferred,0.87,2026-09-05T05:50:25.626Z
C00123,cuisine,Salads,explicit,0.83,2026-09-05T05:50:25.626Z
C00123,dislike,deep-fried,explicit,1,2026-08-26T05:50:25.626Z
C00124,cuisine,Thai,explicit,0.76,2026-09-05T05:50:25.626Z
C00124,cuisine,Indian,explicit,0.92,2026-09-05T05:50:25.626Z
C00124,cuisine,African,explicit,0.82,2026-09-05T05:50:25.626Z
C00124,cuisine,Korean,inferred,0.92,2026-09-05T05:50:25.626Z
C00125,cuisine,Indian,inferred,0.77,2026-09-05T05:50:25.626Z
C00125,cuisine,Mediterranean,inferred,0.86,2026-09-05T05:50:25.626Z
C00125,cuisine,Vegan,inferred,0.81,2026-09-05T05:50:25.626Z
C00125,dislike,meat,explicit,1,2026-08-26T05:50:25.626Z
C00125,dislike,chicken,explicit,1,2026-08-26T05:50:25.626Z
C00125,dislike,beef,explicit,1,2026-08-26T05:50:25.626Z
C00125,dislike,fish,explicit,1,2026-08-26T05:50:25.626Z
C00126,cuisine,African,inferred,0.83,2026-09-05T05:50:25.626Z
C00126,cuisine,Malaysian,explicit,0.84,2026-09-05T05:50:25.626Z
C00126,cuisine,Korean,inferred,0.76,2026-09-05T05:50:25.626Z
C00126,cuisine,Thai,explicit,0.81,2026-09-05T05:50:25.626Z
C00127,cuisine,Indian,explicit,0.76,2026-09-05T05:50:25.626Z
C00127,cuisine,Italian,explicit,0.89,2026-09-05T05:50:25.626Z
C00127,dislike,mushrooms,explicit,1,2026-08-26T05:50:25.626Z
C00128,cuisine,Japanese,explicit,0.92,2026-09-05T05:50:25.626Z
C00128,cuisine,Italian,inferred,0.85,2026-09-05T05:50:25.626Z
C00128,cuisine,Mediterranean,inferred,0.97,2026-09-05T05:50:25.626Z
C00129,cuisine,Indian,inferred,0.99,2026-09-05T05:50:25.626Z
C00129,cuisine,Korean,explicit,0.89,2026-09-05T05:50:25.626Z
C00129,cuisine,Thai,inferred,0.97,2026-09-05T05:50:25.626Z
C00130,allergy,peanuts,explicit,1,2026-08-06T05:50:25.626Z
C00130,cuisine,Italian,inferred,0.84,2026-09-05T05:50:25.626Z
C00130,cuisine,Japanese,inferred,0.93,2026-09-05T05:50:25.626Z
C00130,cuisine,Mediterranean,inferred,0.78,2026-09-05T05:50:25.626Z
C00131,cuisine,Indian,explicit,0.8,2026-09-05T05:50:25.626Z
C00131,cuisine,Chinese,explicit,0.79,2026-09-05T05:50:25.626Z
C00131,cuisine,Malaysian,explicit,0.9,2026-09-05T05:50:25.626Z
C00132,cuisine,Korean,inferred,0.98,2026-09-05T05:50:25.626Z
C00132,cuisine,African,explicit,0.89,2026-09-05T05:50:25.626Z
C00132,cuisine,Western,explicit,0.82,2026-09-05T05:50:25.626Z
C00132,dislike,tofu,explicit,1,2026-08-26T05:50:25.626Z
C00133,cuisine,Mediterranean,explicit,0.75,2026-09-05T05:50:25.626Z
C00133,cuisine,Japanese,inferred,0.85,2026-09-05T05:50:25.626Z
C00133,cuisine,Salads,explicit,0.79,2026-09-05T05:50:25.626Z
C00133,dislike,deep-fried,explicit,1,2026-08-26T05:50:25.626Z
C00134,cuisine,Thai,explicit,0.91,2026-09-05T05:50:25.626Z
C00134,cuisine,Indian,explicit,0.95,2026-09-05T05:50:25.626Z
C00134,cuisine,African,explicit,0.79,2026-09-05T05:50:25.626Z
C00134,cuisine,Korean,explicit,0.79,2026-09-05T05:50:25.626Z
C00135,cuisine,Indian,inferred,0.8,2026-09-05T05:50:25.626Z
C00135,cuisine,Mediterranean,explicit,0.79,2026-09-05T05:50:25.626Z
C00135,cuisine,Vegan,inferred,0.96,2026-09-05T05:50:25.626Z
C00135,dislike,meat,explicit,1,2026-08-26T05:50:25.626Z
C00135,dislike,chicken,explicit,1,2026-08-26T05:50:25.626Z
C00135,dislike,beef,explicit,1,2026-08-26T05:50:25.626Z
C00135,dislike,fish,explicit,1,2026-08-26T05:50:25.626Z
C00136,cuisine,African,explicit,0.9,2026-09-05T05:50:25.627Z
C00136,cuisine,Malaysian,inferred,0.94,2026-09-05T05:50:25.627Z
C00136,cuisine,Korean,inferred,0.91,2026-09-05T05:50:25.627Z
C00136,cuisine,Thai,inferred,0.92,2026-09-05T05:50:25.627Z
C00137,cuisine,Indian,explicit,0.88,2026-09-05T05:50:25.627Z
C00137,cuisine,Italian,inferred,0.96,2026-09-05T05:50:25.627Z
C00137,dislike,mushrooms,explicit,1,2026-08-26T05:50:25.627Z
C00138,cuisine,Japanese,inferred,0.8,2026-09-05T05:50:25.627Z
C00138,cuisine,Italian,explicit,0.77,2026-09-05T05:50:25.627Z
C00138,cuisine,Mediterranean,explicit,0.81,2026-09-05T05:50:25.627Z
C00139,cuisine,Indian,inferred,0.81,2026-09-05T05:50:25.627Z
C00139,cuisine,Korean,inferred,0.94,2026-09-05T05:50:25.627Z
C00139,cuisine,Thai,inferred,0.89,2026-09-05T05:50:25.627Z
C00140,allergy,peanuts,explicit,1,2026-08-06T05:50:25.627Z
C00140,cuisine,Italian,inferred,0.88,2026-09-05T05:50:25.627Z
C00140,cuisine,Japanese,inferred,0.9,2026-09-05T05:50:25.627Z
C00140,cuisine,Mediterranean,explicit,0.92,2026-09-05T05:50:25.627Z
C00141,cuisine,Indian,inferred,0.8,2026-09-05T05:50:25.627Z
C00141,cuisine,Chinese,inferred,0.81,2026-09-05T05:50:25.627Z
C00141,cuisine,Malaysian,explicit,0.81,2026-09-05T05:50:25.627Z
C00142,cuisine,Korean,inferred,0.86,2026-09-05T05:50:25.627Z
C00142,cuisine,African,inferred,0.84,2026-09-05T05:50:25.627Z
C00142,cuisine,Western,inferred,0.78,2026-09-05T05:50:25.627Z
C00142,dislike,tofu,explicit,1,2026-08-26T05:50:25.627Z
C00143,cuisine,Mediterranean,explicit,0.8,2026-09-05T05:50:25.627Z
C00143,cuisine,Japanese,explicit,0.76,2026-09-05T05:50:25.627Z
C00143,cuisine,Salads,explicit,0.89,2026-09-05T05:50:25.627Z
C00143,dislike,deep-fried,explicit,1,2026-08-26T05:50:25.627Z
C00144,cuisine,Thai,inferred,0.87,2026-09-05T05:50:25.627Z
C00144,cuisine,Indian,explicit,0.89,2026-09-05T05:50:25.627Z
C00144,cuisine,African,explicit,0.91,2026-09-05T05:50:25.627Z
C00144,cuisine,Korean,explicit,0.92,2026-09-05T05:50:25.627Z
C00145,cuisine,Indian,explicit,0.77,2026-09-05T05:50:25.627Z
C00145,cuisine,Mediterranean,inferred,0.96,2026-09-05T05:50:25.627Z
C00145,cuisine,Vegan,inferred,0.96,2026-09-05T05:50:25.627Z
C00145,dislike,meat,explicit,1,2026-08-26T05:50:25.627Z
C00145,dislike,chicken,explicit,1,2026-08-26T05:50:25.627Z
C00145,dislike,beef,explicit,1,2026-08-26T05:50:25.627Z
C00145,dislike,fish,explicit,1,2026-08-26T05:50:25.627Z
C00146,cuisine,African,inferred,0.77,2026-09-05T05:50:25.627Z
C00146,cuisine,Malaysian,explicit,0.76,2026-09-05T05:50:25.627Z
C00146,cuisine,Korean,explicit,0.95,2026-09-05T05:50:25.627Z
C00146,cuisine,Thai,explicit,0.79,2026-09-05T05:50:25.627Z
C00147,cuisine,Indian,inferred,0.96,2026-09-05T05:50:25.627Z
C00147,cuisine,Italian,inferred,0.88,2026-09-05T05:50:25.627Z
C00147,dislike,mushrooms,explicit,1,2026-08-26T05:50:25.627Z
C00148,cuisine,Japanese,inferred,0.83,2026-09-05T05:50:25.627Z
C00148,cuisine,Italian,explicit,0.89,2026-09-05T05:50:25.627Z
C00148,cuisine,Mediterranean,inferred,0.79,2026-09-05T05:50:25.627Z
C00149,cuisine,Indian,inferred,0.9,2026-09-05T05:50:25.627Z
C00149,cuisine,Korean,explicit,0.8,2026-09-05T05:50:25.627Z
C00149,cuisine,Thai,explicit,0.77,2026-09-05T05:50:25.627Z
C00150,allergy,peanuts,explicit,1,2026-08-06T05:50:25.627Z
C00150,cuisine,Italian,explicit,0.95,2026-09-05T05:50:25.627Z
C00150,cuisine,Japanese,inferred,0.88,2026-09-05T05:50:25.627Z
C00150,cuisine,Mediterranean,inferred,0.79,2026-09-05T05:50:25.627Z
C00151,cuisine,Indian,explicit,0.8,2026-09-05T05:50:25.627Z
C00151,cuisine,Chinese,explicit,0.85,2026-09-05T05:50:25.627Z
C00151,cuisine,Malaysian,explicit,0.84,2026-09-05T05:50:25.627Z
C00152,cuisine,Korean,explicit,0.94,2026-09-05T05:50:25.627Z
C00152,cuisine,African,explicit,0.98,2026-09-05T05:50:25.627Z
C00152,cuisine,Western,explicit,0.93,2026-09-05T05:50:25.627Z
C00152,dislike,tofu,explicit,1,2026-08-26T05:50:25.627Z
C00153,cuisine,Mediterranean,inferred,0.75,2026-09-05T05:50:25.627Z
C00153,cuisine,Japanese,explicit,0.76,2026-09-05T05:50:25.627Z
C00153,cuisine,Salads,explicit,0.78,2026-09-05T05:50:25.627Z
C00153,dislike,deep-fried,explicit,1,2026-08-26T05:50:25.627Z
C00154,cuisine,Thai,inferred,0.81,2026-09-05T05:50:25.627Z
C00154,cuisine,Indian,explicit,0.78,2026-09-05T05:50:25.627Z
C00154,cuisine,African,explicit,0.75,2026-09-05T05:50:25.627Z
C00154,cuisine,Korean,explicit,0.96,2026-09-05T05:50:25.627Z
C00155,cuisine,Indian,explicit,0.97,2026-09-05T05:50:25.627Z
C00155,cuisine,Mediterranean,explicit,0.95,2026-09-05T05:50:25.627Z
C00155,cuisine,Vegan,explicit,0.76,2026-09-05T05:50:25.627Z
C00155,dislike,meat,explicit,1,2026-08-26T05:50:25.627Z
C00155,dislike,chicken,explicit,1,2026-08-26T05:50:25.627Z
C00155,dislike,beef,explicit,1,2026-08-26T05:50:25.627Z
C00155,dislike,fish,explicit,1,2026-08-26T05:50:25.627Z
C00156,cuisine,African,inferred,0.97,2026-09-05T05:50:25.627Z
C00156,cuisine,Malaysian,inferred,0.9,2026-09-05T05:50:25.627Z
C00156,cuisine,Korean,explicit,0.79,2026-09-05T05:50:25.627Z
C00156,cuisine,Thai,explicit,0.98,2026-09-05T05:50:25.627Z
C00157,cuisine,Indian,explicit,0.8,2026-09-05T05:50:25.627Z
C00157,cuisine,Italian,explicit,0.76,2026-09-05T05:50:25.627Z
C00157,dislike,mushrooms,explicit,1,2026-08-26T05:50:25.627Z
C00158,cuisine,Japanese,explicit,0.78,2026-09-05T05:50:25.627Z
C00158,cuisine,Italian,inferred,0.94,2026-09-05T05:50:25.627Z
C00158,cuisine,Mediterranean,inferred,0.97,2026-09-05T05:50:25.627Z
C00159,cuisine,Indian,explicit,0.92,2026-09-05T05:50:25.627Z
C00159,cuisine,Korean,explicit,0.81,2026-09-05T05:50:25.627Z
C00159,cuisine,Thai,explicit,0.84,2026-09-05T05:50:25.627Z
C00160,allergy,peanuts,explicit,1,2026-08-06T05:50:25.627Z
C00160,cuisine,Italian,explicit,0.96,2026-09-05T05:50:25.627Z
C00160,cuisine,Japanese,explicit,0.92,2026-09-05T05:50:25.627Z
C00160,cuisine,Mediterranean,explicit,0.82,2026-09-05T05:50:25.627Z
C00161,cuisine,Indian,explicit,0.94,2026-09-05T05:50:25.627Z
C00161,cuisine,Chinese,inferred,0.84,2026-09-05T05:50:25.627Z
C00161,cuisine,Malaysian,inferred,0.93,2026-09-05T05:50:25.627Z
C00162,cuisine,Korean,explicit,0.91,2026-09-05T05:50:25.627Z
C00162,cuisine,African,explicit,0.77,2026-09-05T05:50:25.627Z
C00162,cuisine,Western,inferred,0.96,2026-09-05T05:50:25.627Z
C00162,dislike,tofu,explicit,1,2026-08-26T05:50:25.627Z
C00163,cuisine,Mediterranean,explicit,0.98,2026-09-05T05:50:25.627Z
C00163,cuisine,Japanese,explicit,0.9,2026-09-05T05:50:25.627Z
C00163,cuisine,Salads,explicit,0.98,2026-09-05T05:50:25.627Z
C00163,dislike,deep-fried,explicit,1,2026-08-26T05:50:25.627Z
C00164,cuisine,Thai,explicit,0.79,2026-09-05T05:50:25.627Z
C00164,cuisine,Indian,explicit,0.78,2026-09-05T05:50:25.627Z
C00164,cuisine,African,inferred,0.99,2026-09-05T05:50:25.627Z
C00164,cuisine,Korean,explicit,0.9,2026-09-05T05:50:25.627Z
C00165,cuisine,Indian,explicit,0.78,2026-09-05T05:50:25.627Z
C00165,cuisine,Mediterranean,explicit,0.77,2026-09-05T05:50:25.627Z
C00165,cuisine,Vegan,inferred,0.83,2026-09-05T05:50:25.627Z
C00165,dislike,meat,explicit,1,2026-08-26T05:50:25.627Z
C00165,dislike,chicken,explicit,1,2026-08-26T05:50:25.627Z
C00165,dislike,beef,explicit,1,2026-08-26T05:50:25.627Z
C00165,dislike,fish,explicit,1,2026-08-26T05:50:25.627Z
C00166,cuisine,African,inferred,0.79,2026-09-05T05:50:25.627Z
C00166,cuisine,Malaysian,explicit,0.9,2026-09-05T05:50:25.627Z
C00166,cuisine,Korean,explicit,0.83,2026-09-05T05:50:25.627Z
C00166,cuisine,Thai,explicit,0.99,2026-09-05T05:50:25.627Z
C00167,cuisine,Indian,inferred,0.97,2026-09-05T05:50:25.627Z
C00167,cuisine,Italian,inferred,0.76,2026-09-05T05:50:25.627Z
C00167,dislike,mushrooms,explicit,1,2026-08-26T05:50:25.627Z
C00168,cuisine,Japanese,inferred,0.82,2026-09-05T05:50:25.627Z
C00168,cuisine,Italian,explicit,0.95,2026-09-05T05:50:25.627Z
C00168,cuisine,Mediterranean,inferred,0.79,2026-09-05T05:50:25.627Z
C00169,cuisine,Indian,inferred,0.97,2026-09-05T05:50:25.627Z
C00169,cuisine,Korean,inferred,0.82,2026-09-05T05:50:25.627Z
C00169,cuisine,Thai,explicit,0.89,2026-09-05T05:50:25.627Z
C00170,allergy,peanuts,explicit,1,2026-08-06T05:50:25.627Z
C00170,cuisine,Italian,explicit,0.97,2026-09-05T05:50:25.627Z
C00170,cuisine,Japanese,inferred,0.99,2026-09-05T05:50:25.627Z
C00170,cuisine,Mediterranean,explicit,0.87,2026-09-05T05:50:25.627Z
C00171,cuisine,Indian,inferred,0.91,2026-09-05T05:50:25.627Z
C00171,cuisine,Chinese,inferred,0.94,2026-09-05T05:50:25.627Z
C00171,cuisine,Malaysian,explicit,0.84,2026-09-05T05:50:25.627Z
C00172,cuisine,Korean,explicit,0.79,2026-09-05T05:50:25.627Z
C00172,cuisine,African,explicit,0.96,2026-09-05T05:50:25.627Z
C00172,cuisine,Western,explicit,0.76,2026-09-05T05:50:25.627Z
C00172,dislike,tofu,explicit,1,2026-08-26T05:50:25.627Z
C00173,cuisine,Mediterranean,inferred,0.78,2026-09-05T05:50:25.627Z
C00173,cuisine,Japanese,inferred,0.93,2026-09-05T05:50:25.627Z
C00173,cuisine,Salads,inferred,0.85,2026-09-05T05:50:25.627Z
C00173,dislike,deep-fried,explicit,1,2026-08-26T05:50:25.627Z
C00174,cuisine,Thai,explicit,0.89,2026-09-05T05:50:25.627Z
C00174,cuisine,Indian,inferred,0.99,2026-09-05T05:50:25.627Z
C00174,cuisine,African,explicit,0.87,2026-09-05T05:50:25.627Z
C00174,cuisine,Korean,explicit,0.78,2026-09-05T05:50:25.627Z
C00175,cuisine,Indian,explicit,0.89,2026-09-05T05:50:25.627Z
C00175,cuisine,Mediterranean,inferred,0.81,2026-09-05T05:50:25.627Z
C00175,cuisine,Vegan,inferred,0.92,2026-09-05T05:50:25.627Z
C00175,dislike,meat,explicit,1,2026-08-26T05:50:25.627Z
C00175,dislike,chicken,explicit,1,2026-08-26T05:50:25.627Z
C00175,dislike,beef,explicit,1,2026-08-26T05:50:25.627Z
C00175,dislike,fish,explicit,1,2026-08-26T05:50:25.627Z
C00176,cuisine,African,explicit,0.89,2026-09-05T05:50:25.627Z
C00176,cuisine,Malaysian,inferred,0.87,2026-09-05T05:50:25.627Z
C00176,cuisine,Korean,inferred,0.88,2026-09-05T05:50:25.627Z
C00176,cuisine,Thai,inferred,0.8,2026-09-05T05:50:25.627Z
C00177,cuisine,Indian,inferred,0.82,2026-09-05T05:50:25.627Z
C00177,cuisine,Italian,explicit,0.92,2026-09-05T05:50:25.627Z
C00177,dislike,mushrooms,explicit,1,2026-08-26T05:50:25.627Z
C00178,cuisine,Japanese,inferred,0.89,2026-09-05T05:50:25.627Z
C00178,cuisine,Italian,explicit,0.8,2026-09-05T05:50:25.627Z
C00178,cuisine,Mediterranean,inferred,0.91,2026-09-05T05:50:25.627Z
C00179,cuisine,Indian,inferred,0.77,2026-09-05T05:50:25.627Z
C00179,cuisine,Korean,explicit,0.76,2026-09-05T05:50:25.627Z
C00179,cuisine,Thai,explicit,0.76,2026-09-05T05:50:25.627Z
C00180,allergy,peanuts,explicit,1,2026-08-06T05:50:25.627Z
C00180,cuisine,Italian,inferred,0.8,2026-09-05T05:50:25.627Z
C00180,cuisine,Japanese,explicit,0.76,2026-09-05T05:50:25.627Z
C00180,cuisine,Mediterranean,inferred,0.98,2026-09-05T05:50:25.627Z
C00181,cuisine,Indian,inferred,0.88,2026-09-05T05:50:25.627Z
C00181,cuisine,Chinese,explicit,0.8,2026-09-05T05:50:25.627Z
C00181,cuisine,Malaysian,explicit,0.89,2026-09-05T05:50:25.627Z
C00182,cuisine,Korean,explicit,0.88,2026-09-05T05:50:25.627Z
C00182,cuisine,African,inferred,0.91,2026-09-05T05:50:25.627Z
C00182,cuisine,Western,inferred,0.94,2026-09-05T05:50:25.627Z
C00182,dislike,tofu,explicit,1,2026-08-26T05:50:25.627Z
C00183,cuisine,Mediterranean,explicit,0.9,2026-09-05T05:50:25.627Z
C00183,cuisine,Japanese,explicit,0.78,2026-09-05T05:50:25.627Z
C00183,cuisine,Salads,explicit,0.78,2026-09-05T05:50:25.627Z
C00183,dislike,deep-fried,explicit,1,2026-08-26T05:50:25.627Z
C00184,cuisine,Thai,explicit,0.97,2026-09-05T05:50:25.627Z
C00184,cuisine,Indian,explicit,0.78,2026-09-05T05:50:25.627Z
C00184,cuisine,African,inferred,0.95,2026-09-05T05:50:25.627Z
C00184,cuisine,Korean,explicit,0.79,2026-09-05T05:50:25.627Z
C00185,cuisine,Indian,inferred,0.8,2026-09-05T05:50:25.627Z
C00185,cuisine,Mediterranean,explicit,0.77,2026-09-05T05:50:25.627Z
C00185,cuisine,Vegan,inferred,0.92,2026-09-05T05:50:25.627Z
C00185,dislike,meat,explicit,1,2026-08-26T05:50:25.627Z
C00185,dislike,chicken,explicit,1,2026-08-26T05:50:25.627Z
C00185,dislike,beef,explicit,1,2026-08-26T05:50:25.627Z
C00185,dislike,fish,explicit,1,2026-08-26T05:50:25.627Z
C00186,cuisine,African,inferred,0.8,2026-09-05T05:50:25.627Z
C00186,cuisine,Malaysian,explicit,0.88,2026-09-05T05:50:25.627Z
C00186,cuisine,Korean,inferred,0.89,2026-09-05T05:50:25.627Z
C00186,cuisine,Thai,inferred,0.88,2026-09-05T05:50:25.627Z
C00187,cuisine,Indian,inferred,0.79,2026-09-05T05:50:25.627Z
C00187,cuisine,Italian,explicit,0.96,2026-09-05T05:50:25.627Z
C00187,dislike,mushrooms,explicit,1,2026-08-26T05:50:25.627Z
C00188,cuisine,Japanese,explicit,0.9,2026-09-05T05:50:25.627Z
C00188,cuisine,Italian,explicit,0.86,2026-09-05T05:50:25.627Z
C00188,cuisine,Mediterranean,explicit,0.93,2026-09-05T05:50:25.627Z
C00189,cuisine,Indian,inferred,0.79,2026-09-05T05:50:25.627Z
C00189,cuisine,Korean,explicit,0.79,2026-09-05T05:50:25.627Z
C00189,cuisine,Thai,explicit,0.86,2026-09-05T05:50:25.627Z
C00190,allergy,peanuts,explicit,1,2026-08-06T05:50:25.627Z
C00190,cuisine,Italian,inferred,0.98,2026-09-05T05:50:25.627Z
C00190,cuisine,Japanese,inferred,0.88,2026-09-05T05:50:25.627Z
C00190,cuisine,Mediterranean,inferred,0.95,2026-09-05T05:50:25.627Z
C00191,cuisine,Indian,inferred,0.85,2026-09-05T05:50:25.627Z
C00191,cuisine,Chinese,explicit,0.8,2026-09-05T05:50:25.627Z
C00191,cuisine,Malaysian,explicit,0.81,2026-09-05T05:50:25.627Z
C00192,cuisine,Korean,explicit,0.88,2026-09-05T05:50:25.627Z
C00192,cuisine,African,explicit,0.77,2026-09-05T05:50:25.627Z
C00192,cuisine,Western,explicit,0.9,2026-09-05T05:50:25.627Z
C00192,dislike,tofu,explicit,1,2026-08-26T05:50:25.627Z
C00193,cuisine,Mediterranean,explicit,0.86,2026-09-05T05:50:25.627Z
C00193,cuisine,Japanese,inferred,0.94,2026-09-05T05:50:25.627Z
C00193,cuisine,Salads,explicit,0.99,2026-09-05T05:50:25.627Z
C00193,dislike,deep-fried,explicit,1,2026-08-26T05:50:25.627Z
C00194,cuisine,Thai,explicit,0.93,2026-09-05T05:50:25.627Z
C00194,cuisine,Indian,explicit,0.82,2026-09-05T05:50:25.627Z
C00194,cuisine,African,explicit,0.93,2026-09-05T05:50:25.627Z
C00194,cuisine,Korean,inferred,0.85,2026-09-05T05:50:25.627Z
C00195,cuisine,Indian,explicit,0.98,2026-09-05T05:50:25.627Z
C00195,cuisine,Mediterranean,explicit,0.87,2026-09-05T05:50:25.627Z
C00195,cuisine,Vegan,inferred,0.84,2026-09-05T05:50:25.627Z
C00195,dislike,meat,explicit,1,2026-08-26T05:50:25.627Z
C00195,dislike,chicken,explicit,1,2026-08-26T05:50:25.627Z
C00195,dislike,beef,explicit,1,2026-08-26T05:50:25.627Z
C00195,dislike,fish,explicit,1,2026-08-26T05:50:25.627Z
C00196,cuisine,African,inferred,0.98,2026-09-05T05:50:25.627Z
C00196,cuisine,Malaysian,inferred,0.81,2026-09-05T05:50:25.627Z
C00196,cuisine,Korean,inferred,0.95,2026-09-05T05:50:25.627Z
C00196,cuisine,Thai,explicit,0.79,2026-09-05T05:50:25.627Z
C00197,cuisine,Indian,inferred,0.96,2026-09-05T05:50:25.627Z
C00197,cuisine,Italian,inferred,0.93,2026-09-05T05:50:25.627Z
C00197,dislike,mushrooms,explicit,1,2026-08-26T05:50:25.627Z
C00198,cuisine,Japanese,inferred,0.8,2026-09-05T05:50:25.627Z
C00198,cuisine,Italian,inferred,0.97,2026-09-05T05:50:25.627Z
C00198,cuisine,Mediterranean,explicit,0.8,2026-09-05T05:50:25.627Z
C00199,cuisine,Indian,explicit,0.93,2026-09-05T05:50:25.627Z
C00199,cuisine,Korean,inferred,0.9,2026-09-05T05:50:25.627Z
C00199,cuisine,Thai,explicit,0.81,2026-09-05T05:50:25.627Z
C00200,allergy,peanuts,explicit,1,2026-08-06T05:50:25.627Z
C00200,cuisine,Italian,inferred,0.94,2026-09-05T05:50:25.627Z
C00200,cuisine,Japanese,explicit,0.91,2026-09-05T05:50:25.627Z
C00200,cuisine,Mediterranean,explicit,0.9,2026-09-05T05:50:25.627Z
C00201,cuisine,Indian,explicit,0.94,2026-09-05T05:50:25.627Z
C00201,cuisine,Chinese,inferred,0.99,2026-09-05T05:50:25.627Z
C00201,cuisine,Malaysian,explicit,0.9,2026-09-05T05:50:25.627Z
C00202,cuisine,Korean,explicit,0.93,2026-09-05T05:50:25.627Z
C00202,cuisine,African,inferred,0.97,2026-09-05T05:50:25.627Z
C00202,cuisine,Western,explicit,0.8,2026-09-05T05:50:25.627Z
C00202,dislike,tofu,explicit,1,2026-08-26T05:50:25.627Z
C00203,cuisine,Mediterranean,explicit,0.76,2026-09-05T05:50:25.627Z
C00203,cuisine,Japanese,inferred,0.92,2026-09-05T05:50:25.627Z
C00203,cuisine,Salads,explicit,0.88,2026-09-05T05:50:25.627Z
C00203,dislike,deep-fried,explicit,1,2026-08-26T05:50:25.627Z
C00204,cuisine,Thai,explicit,0.82,2026-09-05T05:50:25.627Z
C00204,cuisine,Indian,inferred,0.78,2026-09-05T05:50:25.627Z
C00204,cuisine,African,inferred,0.94,2026-09-05T05:50:25.627Z
C00204,cuisine,Korean,explicit,0.83,2026-09-05T05:50:25.627Z
C00205,cuisine,Indian,explicit,0.9,2026-09-05T05:50:25.627Z
C00205,cuisine,Mediterranean,explicit,0.8,2026-09-05T05:50:25.627Z
C00205,cuisine,Vegan,inferred,0.84,2026-09-05T05:50:25.627Z
C00205,dislike,meat,explicit,1,2026-08-26T05:50:25.627Z
C00205,dislike,chicken,explicit,1,2026-08-26T05:50:25.627Z
C00205,dislike,beef,explicit,1,2026-08-26T05:50:25.627Z
C00205,dislike,fish,explicit,1,2026-08-26T05:50:25.627Z
C00206,cuisine,African,explicit,0.84,2026-09-05T05:50:25.627Z
C00206,cuisine,Malaysian,inferred,0.87,2026-09-05T05:50:25.627Z
C00206,cuisine,Korean,inferred,0.89,2026-09-05T05:50:25.627Z
C00206,cuisine,Thai,inferred,0.99,2026-09-05T05:50:25.627Z
C00207,cuisine,Indian,explicit,0.92,2026-09-05T05:50:25.627Z
C00207,cuisine,Italian,inferred,0.99,2026-09-05T05:50:25.627Z
C00207,dislike,mushrooms,explicit,1,2026-08-26T05:50:25.627Z
C00208,cuisine,Japanese,explicit,0.82,2026-09-05T05:50:25.627Z
C00208,cuisine,Italian,explicit,0.76,2026-09-05T05:50:25.627Z
C00208,cuisine,Mediterranean,explicit,0.98,2026-09-05T05:50:25.627Z
C00209,cuisine,Indian,explicit,0.87,2026-09-05T05:50:25.627Z
C00209,cuisine,Korean,inferred,0.8,2026-09-05T05:50:25.627Z
C00209,cuisine,Thai,inferred,0.99,2026-09-05T05:50:25.627Z
C00210,allergy,peanuts,explicit,1,2026-08-06T05:50:25.627Z
C00210,cuisine,Italian,inferred,0.99,2026-09-05T05:50:25.627Z
C00210,cuisine,Japanese,inferred,0.96,2026-09-05T05:50:25.627Z
C00210,cuisine,Mediterranean,explicit,0.92,2026-09-05T05:50:25.627Z
C00211,cuisine,Indian,explicit,0.96,2026-09-05T05:50:25.627Z
C00211,cuisine,Chinese,explicit,0.93,2026-09-05T05:50:25.627Z
C00211,cuisine,Malaysian,explicit,0.85,2026-09-05T05:50:25.627Z
C00212,cuisine,Korean,explicit,0.88,2026-09-05T05:50:25.627Z
C00212,cuisine,African,explicit,0.85,2026-09-05T05:50:25.627Z
C00212,cuisine,Western,inferred,0.98,2026-09-05T05:50:25.627Z
C00212,dislike,tofu,explicit,1,2026-08-26T05:50:25.627Z
C00213,cuisine,Mediterranean,inferred,0.94,2026-09-05T05:50:25.627Z
C00213,cuisine,Japanese,inferred,0.82,2026-09-05T05:50:25.627Z
C00213,cuisine,Salads,inferred,0.99,2026-09-05T05:50:25.627Z
C00213,dislike,deep-fried,explicit,1,2026-08-26T05:50:25.627Z
C00214,cuisine,Thai,inferred,0.84,2026-09-05T05:50:25.627Z
C00214,cuisine,Indian,explicit,0.82,2026-09-05T05:50:25.627Z
C00214,cuisine,African,explicit,0.92,2026-09-05T05:50:25.627Z
C00214,cuisine,Korean,inferred,0.93,2026-09-05T05:50:25.627Z
C00215,cuisine,Indian,explicit,0.97,2026-09-05T05:50:25.627Z
C00215,cuisine,Mediterranean,inferred,0.92,2026-09-05T05:50:25.627Z
C00215,cuisine,Vegan,explicit,0.75,2026-09-05T05:50:25.627Z
C00215,dislike,meat,explicit,1,2026-08-26T05:50:25.627Z
C00215,dislike,chicken,explicit,1,2026-08-26T05:50:25.627Z
C00215,dislike,beef,explicit,1,2026-08-26T05:50:25.627Z
C00215,dislike,fish,explicit,1,2026-08-26T05:50:25.627Z
C00216,cuisine,African,inferred,0.91,2026-09-05T05:50:25.627Z
C00216,cuisine,Malaysian,explicit,0.94,2026-09-05T05:50:25.627Z
C00216,cuisine,Korean,explicit,0.83,2026-09-05T05:50:25.627Z
C00216,cuisine,Thai,explicit,0.96,2026-09-05T05:50:25.627Z
C00217,cuisine,Indian,explicit,0.94,2026-09-05T05:50:25.627Z
C00217,cuisine,Italian,inferred,0.81,2026-09-05T05:50:25.627Z
C00217,dislike,mushrooms,explicit,1,2026-08-26T05:50:25.627Z
C00218,cuisine,Japanese,explicit,0.97,2026-09-05T05:50:25.627Z
C00218,cuisine,Italian,explicit,0.93,2026-09-05T05:50:25.627Z
C00218,cuisine,Mediterranean,inferred,0.85,2026-09-05T05:50:25.627Z
C00219,cuisine,Indian,explicit,0.94,2026-09-05T05:50:25.627Z
C00219,cuisine,Korean,inferred,0.8,2026-09-05T05:50:25.627Z
C00219,cuisine,Thai,explicit,0.99,2026-09-05T05:50:25.627Z
C00220,allergy,peanuts,explicit,1,2026-08-06T05:50:25.627Z
C00220,cuisine,Italian,inferred,0.96,2026-09-05T05:50:25.627Z
C00220,cuisine,Japanese,explicit,0.98,2026-09-05T05:50:25.627Z
C00220,cuisine,Mediterranean,explicit,0.98,2026-09-05T05:50:25.627Z
C00221,cuisine,Indian,inferred,0.83,2026-09-05T05:50:25.627Z
C00221,cuisine,Chinese,inferred,0.76,2026-09-05T05:50:25.627Z
C00221,cuisine,Malaysian,explicit,0.96,2026-09-05T05:50:25.627Z
C00222,cuisine,Korean,explicit,0.87,2026-09-05T05:50:25.627Z
C00222,cuisine,African,inferred,0.88,2026-09-05T05:50:25.627Z
C00222,cuisine,Western,explicit,0.82,2026-09-05T05:50:25.627Z
C00222,dislike,tofu,explicit,1,2026-08-26T05:50:25.627Z
C00223,cuisine,Mediterranean,explicit,0.85,2026-09-05T05:50:25.627Z
C00223,cuisine,Japanese,inferred,0.89,2026-09-05T05:50:25.627Z
C00223,cuisine,Salads,explicit,0.98,2026-09-05T05:50:25.627Z
C00223,dislike,deep-fried,explicit,1,2026-08-26T05:50:25.627Z
C00224,cuisine,Thai,inferred,0.76,2026-09-05T05:50:25.627Z
C00224,cuisine,Indian,inferred,0.85,2026-09-05T05:50:25.627Z
C00224,cuisine,African,inferred,0.94,2026-09-05T05:50:25.627Z
C00224,cuisine,Korean,inferred,0.95,2026-09-05T05:50:25.627Z
C00225,cuisine,Indian,inferred,0.82,2026-09-05T05:50:25.627Z
C00225,cuisine,Mediterranean,explicit,0.79,2026-09-05T05:50:25.627Z
C00225,cuisine,Vegan,explicit,0.91,2026-09-05T05:50:25.627Z
C00225,dislike,meat,explicit,1,2026-08-26T05:50:25.627Z
C00225,dislike,chicken,explicit,1,2026-08-26T05:50:25.627Z
C00225,dislike,beef,explicit,1,2026-08-26T05:50:25.627Z
C00225,dislike,fish,explicit,1,2026-08-26T05:50:25.627Z
C00226,cuisine,African,explicit,0.84,2026-09-05T05:50:25.627Z
C00226,cuisine,Malaysian,explicit,0.89,2026-09-05T05:50:25.627Z
C00226,cuisine,Korean,explicit,0.87,2026-09-05T05:50:25.627Z
C00226,cuisine,Thai,inferred,0.78,2026-09-05T05:50:25.627Z
C00227,cuisine,Indian,explicit,0.98,2026-09-05T05:50:25.627Z
C00227,cuisine,Italian,explicit,0.94,2026-09-05T05:50:25.627Z
C00227,dislike,mushrooms,explicit,1,2026-08-26T05:50:25.627Z
C00228,cuisine,Japanese,explicit,0.92,2026-09-05T05:50:25.627Z
C00228,cuisine,Italian,inferred,0.94,2026-09-05T05:50:25.628Z
C00228,cuisine,Mediterranean,inferred,0.81,2026-09-05T05:50:25.628Z
C00229,cuisine,Indian,inferred,0.98,2026-09-05T05:50:25.628Z
C00229,cuisine,Korean,inferred,0.84,2026-09-05T05:50:25.628Z
C00229,cuisine,Thai,inferred,0.92,2026-09-05T05:50:25.628Z
C00230,allergy,peanuts,explicit,1,2026-08-06T05:50:25.628Z
C00230,cuisine,Italian,explicit,0.93,2026-09-05T05:50:25.628Z
C00230,cuisine,Japanese,inferred,0.77,2026-09-05T05:50:25.628Z
C00230,cuisine,Mediterranean,explicit,0.94,2026-09-05T05:50:25.628Z
C00231,cuisine,Indian,inferred,0.98,2026-09-05T05:50:25.628Z
C00231,cuisine,Chinese,inferred,0.79,2026-09-05T05:50:25.628Z
C00231,cuisine,Malaysian,explicit,0.81,2026-09-05T05:50:25.628Z
C00232,cuisine,Korean,inferred,0.81,2026-09-05T05:50:25.628Z
C00232,cuisine,African,explicit,0.94,2026-09-05T05:50:25.628Z
C00232,cuisine,Western,explicit,0.98,2026-09-05T05:50:25.628Z
C00232,dislike,tofu,explicit,1,2026-08-26T05:50:25.628Z
C00233,cuisine,Mediterranean,explicit,0.92,2026-09-05T05:50:25.628Z
C00233,cuisine,Japanese,inferred,0.88,2026-09-05T05:50:25.628Z
C00233,cuisine,Salads,inferred,0.83,2026-09-05T05:50:25.628Z
C00233,dislike,deep-fried,explicit,1,2026-08-26T05:50:25.628Z
C00234,cuisine,Thai,inferred,0.94,2026-09-05T05:50:25.628Z
C00234,cuisine,Indian,explicit,0.79,2026-09-05T05:50:25.628Z
C00234,cuisine,African,explicit,0.93,2026-09-05T05:50:25.628Z
C00234,cuisine,Korean,explicit,0.93,2026-09-05T05:50:25.628Z
C00235,cuisine,Indian,explicit,0.87,2026-09-05T05:50:25.628Z
C00235,cuisine,Mediterranean,explicit,0.82,2026-09-05T05:50:25.628Z
C00235,cuisine,Vegan,explicit,0.92,2026-09-05T05:50:25.628Z
C00235,dislike,meat,explicit,1,2026-08-26T05:50:25.628Z
C00235,dislike,chicken,explicit,1,2026-08-26T05:50:25.628Z
C00235,dislike,beef,explicit,1,2026-08-26T05:50:25.628Z
C00235,dislike,fish,explicit,1,2026-08-26T05:50:25.628Z
C00236,cuisine,African,explicit,0.9,2026-09-05T05:50:25.628Z
C00236,cuisine,Malaysian,explicit,0.92,2026-09-05T05:50:25.628Z
C00236,cuisine,Korean,explicit,0.98,2026-09-05T05:50:25.628Z
C00236,cuisine,Thai,inferred,0.91,2026-09-05T05:50:25.628Z
C00237,cuisine,Indian,explicit,0.9,2026-09-05T05:50:25.628Z
C00237,cuisine,Italian,explicit,0.89,2026-09-05T05:50:25.628Z
C00237,dislike,mushrooms,explicit,1,2026-08-26T05:50:25.628Z
C00238,cuisine,Japanese,inferred,0.92,2026-09-05T05:50:25.628Z
C00238,cuisine,Italian,inferred,0.91,2026-09-05T05:50:25.628Z
C00238,cuisine,Mediterranean,inferred,0.9,2026-09-05T05:50:25.628Z
C00239,cuisine,Indian,explicit,0.88,2026-09-05T05:50:25.628Z
C00239,cuisine,Korean,explicit,0.92,2026-09-05T05:50:25.628Z
C00239,cuisine,Thai,explicit,0.91,2026-09-05T05:50:25.628Z
C00240,allergy,peanuts,explicit,1,2026-08-06T05:50:25.628Z
C00240,cuisine,Italian,inferred,0.91,2026-09-05T05:50:25.628Z
C00240,cuisine,Japanese,explicit,0.94,2026-09-05T05:50:25.628Z
C00240,cuisine,Mediterranean,inferred,0.8,2026-09-05T05:50:25.628Z
C00241,cuisine,Indian,inferred,0.89,2026-09-05T05:50:25.628Z
C00241,cuisine,Chinese,explicit,0.78,2026-09-05T05:50:25.628Z
C00241,cuisine,Malaysian,inferred,0.79,2026-09-05T05:50:25.628Z
C00242,cuisine,Korean,explicit,0.85,2026-09-05T05:50:25.628Z
C00242,cuisine,African,explicit,0.95,2026-09-05T05:50:25.628Z
C00242,cuisine,Western,inferred,0.98,2026-09-05T05:50:25.628Z
C00242,dislike,tofu,explicit,1,2026-08-26T05:50:25.628Z
C00243,cuisine,Mediterranean,explicit,0.77,2026-09-05T05:50:25.628Z
C00243,cuisine,Japanese,explicit,0.98,2026-09-05T05:50:25.628Z
C00243,cuisine,Salads,inferred,0.82,2026-09-05T05:50:25.628Z
C00243,dislike,deep-fried,explicit,1,2026-08-26T05:50:25.628Z
C00244,cuisine,Thai,inferred,0.88,2026-09-05T05:50:25.628Z
C00244,cuisine,Indian,explicit,0.78,2026-09-05T05:50:25.628Z
C00244,cuisine,African,inferred,0.79,2026-09-05T05:50:25.628Z
C00244,cuisine,Korean,explicit,0.76,2026-09-05T05:50:25.628Z
C00245,cuisine,Indian,inferred,0.97,2026-09-05T05:50:25.628Z
C00245,cuisine,Mediterranean,explicit,0.84,2026-09-05T05:50:25.628Z
C00245,cuisine,Vegan,inferred,0.79,2026-09-05T05:50:25.628Z
C00245,dislike,meat,explicit,1,2026-08-26T05:50:25.628Z
C00245,dislike,chicken,explicit,1,2026-08-26T05:50:25.628Z
C00245,dislike,beef,explicit,1,2026-08-26T05:50:25.628Z
C00245,dislike,fish,explicit,1,2026-08-26T05:50:25.628Z
C00246,cuisine,African,inferred,0.97,2026-09-05T05:50:25.628Z
C00246,cuisine,Malaysian,inferred,0.87,2026-09-05T05:50:25.628Z
C00246,cuisine,Korean,inferred,0.8,2026-09-05T05:50:25.628Z
C00246,cuisine,Thai,explicit,0.77,2026-09-05T05:50:25.628Z
C00247,cuisine,Indian,explicit,0.84,2026-09-05T05:50:25.628Z
C00247,cuisine,Italian,explicit,0.95,2026-09-05T05:50:25.628Z
C00247,dislike,mushrooms,explicit,1,2026-08-26T05:50:25.628Z
C00248,cuisine,Japanese,inferred,0.84,2026-09-05T05:50:25.628Z
C00248,cuisine,Italian,inferred,0.94,2026-09-05T05:50:25.628Z
C00248,cuisine,Mediterranean,explicit,0.8,2026-09-05T05:50:25.628Z
C00249,cuisine,Indian,explicit,0.86,2026-09-05T05:50:25.628Z
C00249,cuisine,Korean,explicit,0.87,2026-09-05T05:50:25.628Z
C00249,cuisine,Thai,inferred,0.84,2026-09-05T05:50:25.628Z
C00250,allergy,peanuts,explicit,1,2026-08-06T05:50:25.628Z
C00250,cuisine,Italian,inferred,0.88,2026-09-05T05:50:25.628Z
C00250,cuisine,Japanese,inferred,0.92,2026-09-05T05:50:25.628Z
C00250,cuisine,Mediterranean,explicit,0.79,2026-09-05T05:50:25.628Z
C00251,cuisine,Indian,explicit,0.97,2026-09-05T05:50:25.628Z
C00251,cuisine,Chinese,inferred,0.76,2026-09-05T05:50:25.628Z
C00251,cuisine,Malaysian,explicit,0.94,2026-09-05T05:50:25.628Z
C00252,cuisine,Korean,explicit,0.87,2026-09-05T05:50:25.628Z
C00252,cuisine,African,explicit,0.9,2026-09-05T05:50:25.628Z
C00252,cuisine,Western,explicit,0.77,2026-09-05T05:50:25.628Z
C00252,dislike,tofu,explicit,1,2026-08-26T05:50:25.628Z
C00253,cuisine,Mediterranean,inferred,0.8,2026-09-05T05:50:25.628Z
C00253,cuisine,Japanese,explicit,0.96,2026-09-05T05:50:25.628Z
C00253,cuisine,Salads,inferred,0.82,2026-09-05T05:50:25.628Z
C00253,dislike,deep-fried,explicit,1,2026-08-26T05:50:25.628Z
C00254,cuisine,Thai,explicit,0.82,2026-09-05T05:50:25.628Z
C00254,cuisine,Indian,explicit,0.91,2026-09-05T05:50:25.628Z
C00254,cuisine,African,explicit,0.8,2026-09-05T05:50:25.628Z
C00254,cuisine,Korean,explicit,0.93,2026-09-05T05:50:25.628Z
C00255,cuisine,Indian,inferred,0.89,2026-09-05T05:50:25.628Z
C00255,cuisine,Mediterranean,explicit,0.89,2026-09-05T05:50:25.628Z
C00255,cuisine,Vegan,explicit,0.89,2026-09-05T05:50:25.628Z
C00255,dislike,meat,explicit,1,2026-08-26T05:50:25.628Z
C00255,dislike,chicken,explicit,1,2026-08-26T05:50:25.628Z
C00255,dislike,beef,explicit,1,2026-08-26T05:50:25.628Z
C00255,dislike,fish,explicit,1,2026-08-26T05:50:25.628Z
C00256,cuisine,African,explicit,0.94,2026-09-05T05:50:25.628Z
C00256,cuisine,Malaysian,inferred,0.98,2026-09-05T05:50:25.628Z
C00256,cuisine,Korean,inferred,0.87,2026-09-05T05:50:25.628Z
C00256,cuisine,Thai,inferred,0.82,2026-09-05T05:50:25.628Z
C00257,cuisine,Indian,inferred,0.93,2026-09-05T05:50:25.628Z
C00257,cuisine,Italian,explicit,0.97,2026-09-05T05:50:25.628Z
C00257,dislike,mushrooms,explicit,1,2026-08-26T05:50:25.628Z
C00258,cuisine,Japanese,inferred,0.95,2026-09-05T05:50:25.628Z
C00258,cuisine,Italian,explicit,0.98,2026-09-05T05:50:25.628Z
C00258,cuisine,Mediterranean,explicit,0.95,2026-09-05T05:50:25.628Z
C00259,cuisine,Indian,inferred,0.78,2026-09-05T05:50:25.628Z
C00259,cuisine,Korean,inferred,0.94,2026-09-05T05:50:25.628Z
C00259,cuisine,Thai,explicit,0.88,2026-09-05T05:50:25.628Z
C00260,allergy,peanuts,explicit,1,2026-08-06T05:50:25.628Z
C00260,cuisine,Italian,explicit,0.9,2026-09-05T05:50:25.628Z
C00260,cuisine,Japanese,explicit,0.77,2026-09-05T05:50:25.628Z
C00260,cuisine,Mediterranean,explicit,0.83,2026-09-05T05:50:25.628Z
C00261,cuisine,Indian,inferred,0.91,2026-09-05T05:50:25.628Z
C00261,cuisine,Chinese,inferred,0.8,2026-09-05T05:50:25.628Z
C00261,cuisine,Malaysian,inferred,0.91,2026-09-05T05:50:25.628Z
C00262,cuisine,Korean,explicit,0.97,2026-09-05T05:50:25.628Z
C00262,cuisine,African,explicit,0.95,2026-09-05T05:50:25.628Z
C00262,cuisine,Western,inferred,0.95,2026-09-05T05:50:25.628Z
C00262,dislike,tofu,explicit,1,2026-08-26T05:50:25.628Z
C00263,cuisine,Mediterranean,inferred,0.87,2026-09-05T05:50:25.628Z
C00263,cuisine,Japanese,explicit,0.9,2026-09-05T05:50:25.628Z
C00263,cuisine,Salads,explicit,0.79,2026-09-05T05:50:25.628Z
C00263,dislike,deep-fried,explicit,1,2026-08-26T05:50:25.628Z
C00264,cuisine,Thai,explicit,0.84,2026-09-05T05:50:25.628Z
C00264,cuisine,Indian,explicit,0.77,2026-09-05T05:50:25.628Z
C00264,cuisine,African,inferred,0.96,2026-09-05T05:50:25.628Z
C00264,cuisine,Korean,inferred,0.98,2026-09-05T05:50:25.628Z
C00265,cuisine,Indian,explicit,0.92,2026-09-05T05:50:25.628Z
C00265,cuisine,Mediterranean,inferred,0.94,2026-09-05T05:50:25.628Z
C00265,cuisine,Vegan,explicit,0.94,2026-09-05T05:50:25.628Z
C00265,dislike,meat,explicit,1,2026-08-26T05:50:25.628Z
C00265,dislike,chicken,explicit,1,2026-08-26T05:50:25.628Z
C00265,dislike,beef,explicit,1,2026-08-26T05:50:25.628Z
C00265,dislike,fish,explicit,1,2026-08-26T05:50:25.628Z
C00266,cuisine,African,explicit,0.75,2026-09-05T05:50:25.628Z
C00266,cuisine,Malaysian,explicit,0.96,2026-09-05T05:50:25.628Z
C00266,cuisine,Korean,inferred,0.87,2026-09-05T05:50:25.628Z
C00266,cuisine,Thai,explicit,0.9,2026-09-05T05:50:25.628Z
C00267,cuisine,Indian,explicit,0.97,2026-09-05T05:50:25.628Z
C00267,cuisine,Italian,inferred,0.76,2026-09-05T05:50:25.628Z
C00267,dislike,mushrooms,explicit,1,2026-08-26T05:50:25.628Z
C00268,cuisine,Japanese,inferred,0.85,2026-09-05T05:50:25.628Z
C00268,cuisine,Italian,explicit,0.91,2026-09-05T05:50:25.628Z
C00268,cuisine,Mediterranean,inferred,0.81,2026-09-05T05:50:25.628Z
C00269,cuisine,Indian,explicit,0.82,2026-09-05T05:50:25.628Z
C00269,cuisine,Korean,explicit,0.86,2026-09-05T05:50:25.628Z
C00269,cuisine,Thai,inferred,0.93,2026-09-05T05:50:25.628Z
C00270,allergy,peanuts,explicit,1,2026-08-06T05:50:25.628Z
C00270,cuisine,Italian,explicit,0.98,2026-09-05T05:50:25.628Z
C00270,cuisine,Japanese,explicit,0.86,2026-09-05T05:50:25.628Z
C00270,cuisine,Mediterranean,inferred,0.81,2026-09-05T05:50:25.628Z
C00271,cuisine,Indian,inferred,0.97,2026-09-05T05:50:25.628Z
C00271,cuisine,Chinese,explicit,0.83,2026-09-05T05:50:25.628Z
C00271,cuisine,Malaysian,explicit,0.88,2026-09-05T05:50:25.628Z
C00272,cuisine,Korean,explicit,0.81,2026-09-05T05:50:25.628Z
C00272,cuisine,African,inferred,0.97,2026-09-05T05:50:25.628Z
C00272,cuisine,Western,inferred,0.97,2026-09-05T05:50:25.628Z
C00272,dislike,tofu,explicit,1,2026-08-26T05:50:25.628Z
C00273,cuisine,Mediterranean,explicit,0.99,2026-09-05T05:50:25.628Z
C00273,cuisine,Japanese,explicit,0.97,2026-09-05T05:50:25.628Z
C00273,cuisine,Salads,explicit,0.89,2026-09-05T05:50:25.628Z
C00273,dislike,deep-fried,explicit,1,2026-08-26T05:50:25.628Z
C00274,cuisine,Thai,inferred,0.79,2026-09-05T05:50:25.628Z
C00274,cuisine,Indian,explicit,0.81,2026-09-05T05:50:25.628Z
C00274,cuisine,African,explicit,0.93,2026-09-05T05:50:25.628Z
C00274,cuisine,Korean,explicit,0.88,2026-09-05T05:50:25.628Z
C00275,cuisine,Indian,explicit,0.91,2026-09-05T05:50:25.628Z
C00275,cuisine,Mediterranean,explicit,0.96,2026-09-05T05:50:25.628Z
C00275,cuisine,Vegan,explicit,0.96,2026-09-05T05:50:25.628Z
C00275,dislike,meat,explicit,1,2026-08-26T05:50:25.628Z
C00275,dislike,chicken,explicit,1,2026-08-26T05:50:25.628Z
C00275,dislike,beef,explicit,1,2026-08-26T05:50:25.628Z
C00275,dislike,fish,explicit,1,2026-08-26T05:50:25.628Z
C00276,cuisine,African,inferred,0.76,2026-09-05T05:50:25.628Z
C00276,cuisine,Malaysian,inferred,0.91,2026-09-05T05:50:25.628Z
C00276,cuisine,Korean,explicit,0.77,2026-09-05T05:50:25.628Z
C00276,cuisine,Thai,explicit,0.87,2026-09-05T05:50:25.628Z
C00277,cuisine,Indian,explicit,0.95,2026-09-05T05:50:25.628Z
C00277,cuisine,Italian,explicit,0.89,2026-09-05T05:50:25.628Z
C00277,dislike,mushrooms,explicit,1,2026-08-26T05:50:25.628Z
C00278,cuisine,Japanese,inferred,0.97,2026-09-05T05:50:25.628Z
C00278,cuisine,Italian,explicit,0.86,2026-09-05T05:50:25.628Z
C00278,cuisine,Mediterranean,inferred,0.76,2026-09-05T05:50:25.628Z
C00279,cuisine,Indian,explicit,0.84,2026-09-05T05:50:25.628Z
C00279,cuisine,Korean,explicit,0.87,2026-09-05T05:50:25.628Z
C00279,cuisine,Thai,explicit,0.92,2026-09-05T05:50:25.628Z
C00280,allergy,peanuts,explicit,1,2026-08-06T05:50:25.628Z
C00280,cuisine,Italian,explicit,0.76,2026-09-05T05:50:25.628Z
C00280,cuisine,Japanese,explicit,0.85,2026-09-05T05:50:25.628Z
C00280,cuisine,Mediterranean,explicit,0.75,2026-09-05T05:50:25.628Z
C00281,cuisine,Indian,explicit,0.83,2026-09-05T05:50:25.628Z
C00281,cuisine,Chinese,explicit,0.77,2026-09-05T05:50:25.628Z
C00281,cuisine,Malaysian,explicit,0.76,2026-09-05T05:50:25.628Z
C00282,cuisine,Korean,explicit,0.83,2026-09-05T05:50:25.628Z
C00282,cuisine,African,explicit,0.82,2026-09-05T05:50:25.628Z
C00282,cuisine,Western,inferred,0.83,2026-09-05T05:50:25.628Z
C00282,dislike,tofu,explicit,1,2026-08-26T05:50:25.628Z
C00283,cuisine,Mediterranean,explicit,0.85,2026-09-05T05:50:25.628Z
C00283,cuisine,Japanese,explicit,0.78,2026-09-05T05:50:25.628Z
C00283,cuisine,Salads,explicit,0.84,2026-09-05T05:50:25.628Z
C00283,dislike,deep-fried,explicit,1,2026-08-26T05:50:25.628Z
C00284,cuisine,Thai,inferred,0.91,2026-09-05T05:50:25.628Z
C00284,cuisine,Indian,explicit,0.89,2026-09-05T05:50:25.628Z
C00284,cuisine,African,explicit,0.93,2026-09-05T05:50:25.628Z
C00284,cuisine,Korean,inferred,0.8,2026-09-05T05:50:25.628Z
C00285,cuisine,Indian,inferred,0.83,2026-09-05T05:50:25.628Z
C00285,cuisine,Mediterranean,inferred,0.92,2026-09-05T05:50:25.628Z
C00285,cuisine,Vegan,explicit,0.77,2026-09-05T05:50:25.628Z
C00285,dislike,meat,explicit,1,2026-08-26T05:50:25.628Z
C00285,dislike,chicken,explicit,1,2026-08-26T05:50:25.628Z
C00285,dislike,beef,explicit,1,2026-08-26T05:50:25.628Z
C00285,dislike,fish,explicit,1,2026-08-26T05:50:25.628Z
C00286,cuisine,African,explicit,0.83,2026-09-05T05:50:25.628Z
C00286,cuisine,Malaysian,explicit,0.75,2026-09-05T05:50:25.628Z
C00286,cuisine,Korean,explicit,0.79,2026-09-05T05:50:25.628Z
C00286,cuisine,Thai,explicit,0.82,2026-09-05T05:50:25.628Z
C00287,cuisine,Indian,explicit,0.98,2026-09-05T05:50:25.628Z
C00287,cuisine,Italian,inferred,0.82,2026-09-05T05:50:25.628Z
C00287,dislike,mushrooms,explicit,1,2026-08-26T05:50:25.628Z
C00288,cuisine,Japanese,explicit,0.92,2026-09-05T05:50:25.628Z
C00288,cuisine,Italian,explicit,0.75,2026-09-05T05:50:25.628Z
C00288,cuisine,Mediterranean,inferred,0.77,2026-09-05T05:50:25.628Z
C00289,cuisine,Indian,explicit,0.94,2026-09-05T05:50:25.628Z
C00289,cuisine,Korean,inferred,0.85,2026-09-05T05:50:25.628Z
C00289,cuisine,Thai,explicit,0.81,2026-09-05T05:50:25.628Z
C00290,allergy,peanuts,explicit,1,2026-08-06T05:50:25.628Z
C00290,cuisine,Italian,inferred,0.9,2026-09-05T05:50:25.628Z
C00290,cuisine,Japanese,inferred,0.92,2026-09-05T05:50:25.628Z
C00290,cuisine,Mediterranean,inferred,0.87,2026-09-05T05:50:25.628Z
C00291,cuisine,Indian,explicit,0.82,2026-09-05T05:50:25.628Z
C00291,cuisine,Chinese,inferred,0.86,2026-09-05T05:50:25.628Z
C00291,cuisine,Malaysian,inferred,0.93,2026-09-05T05:50:25.628Z
C00292,cuisine,Korean,inferred,0.77,2026-09-05T05:50:25.628Z
C00292,cuisine,African,explicit,0.87,2026-09-05T05:50:25.628Z
C00292,cuisine,Western,explicit,0.91,2026-09-05T05:50:25.628Z
C00292,dislike,tofu,explicit,1,2026-08-26T05:50:25.628Z
C00293,cuisine,Mediterranean,explicit,0.97,2026-09-05T05:50:25.628Z
C00293,cuisine,Japanese,explicit,0.76,2026-09-05T05:50:25.628Z
C00293,cuisine,Salads,explicit,0.77,2026-09-05T05:50:25.628Z
C00293,dislike,deep-fried,explicit,1,2026-08-26T05:50:25.628Z
C00294,cuisine,Thai,explicit,0.88,2026-09-05T05:50:25.628Z
C00294,cuisine,Indian,inferred,0.85,2026-09-05T05:50:25.628Z
C00294,cuisine,African,explicit,0.81,2026-09-05T05:50:25.628Z
C00294,cuisine,Korean,explicit,0.92,2026-09-05T05:50:25.628Z
C00295,cuisine,Indian,explicit,0.88,2026-09-05T05:50:25.628Z
C00295,cuisine,Mediterranean,inferred,0.85,2026-09-05T05:50:25.628Z
C00295,cuisine,Vegan,explicit,0.77,2026-09-05T05:50:25.628Z
C00295,dislike,meat,explicit,1,2026-08-26T05:50:25.628Z
C00295,dislike,chicken,explicit,1,2026-08-26T05:50:25.628Z
C00295,dislike,beef,explicit,1,2026-08-26T05:50:25.628Z
C00295,dislike,fish,explicit,1,2026-08-26T05:50:25.628Z
C00296,cuisine,African,explicit,0.83,2026-09-05T05:50:25.628Z
C00296,cuisine,Malaysian,explicit,0.91,2026-09-05T05:50:25.628Z
C00296,cuisine,Korean,explicit,0.97,2026-09-05T05:50:25.628Z
C00296,cuisine,Thai,inferred,0.78,2026-09-05T05:50:25.628Z
C00297,cuisine,Indian,inferred,0.93,2026-09-05T05:50:25.628Z
C00297,cuisine,Italian,inferred,0.86,2026-09-05T05:50:25.628Z
C00297,dislike,mushrooms,explicit,1,2026-08-26T05:50:25.628Z
C00298,cuisine,Japanese,explicit,0.88,2026-09-05T05:50:25.628Z
C00298,cuisine,Italian,inferred,0.82,2026-09-05T05:50:25.628Z
C00298,cuisine,Mediterranean,explicit,0.77,2026-09-05T05:50:25.628Z
C00299,cuisine,Indian,explicit,0.8,2026-09-05T05:50:25.628Z
C00299,cuisine,Korean,inferred,0.88,2026-09-05T05:50:25.628Z
C00299,cuisine,Thai,inferred,0.94,2026-09-05T05:50:25.628Z
C00300,allergy,peanuts,explicit,1,2026-08-06T05:50:25.628Z
C00300,cuisine,Italian,inferred,0.76,2026-09-05T05:50:25.628Z
C00300,cuisine,Japanese,explicit,0.83,2026-09-05T05:50:25.628Z
C00300,cuisine,Mediterranean,inferred,0.85,2026-09-05T05:50:25.628Z