meal_id,date,pickup_point,slot,available_count
m_01,2026-10-05,Curtin Central Bus Station,dinner,47
m_02,2026-10-05,Curtin Central Bus Station,dinner,32
m_03,2026-10-05,Curtin Central Bus Station,dinner,54
m_04,2026-10-05,Curtin Central Bus Station,dinner,27
m_05,2026-10-05,Curtin Central Bus Station,dinner,28
m_07,2026-10-05,Curtin Central Bus Station,dinner,28
m_08,2026-10-05,Curtin Central Bus Station,dinner,30
m_09,2026-10-05,Curtin Central Bus Station,dinner,48
m_12,2026-10-05,Curtin Central Bus Station,dinner,30
m_13,2026-10-05,Curtin Central Bus Station,dinner,45
m_15,2026-10-05,Curtin Central Bus Station,dinner,45
m_17,2026-10-05,Curtin Central Bus Station,dinner,45
m_18,2026-10-05,Curtin Central Bus Station,dinner,56
m_19,2026-10-05,Curtin Central Bus Station,dinner,37
m_20,2026-10-05,Curtin Central Bus Station,dinner,26
m_22,2026-10-05,Curtin Central Bus Station,dinner,42
m_23,2026-10-05,Curtin Central Bus Station,dinner,42
m_24,2026-10-05,Curtin Central Bus Station,dinner,45
m_25,2026-10-05,Curtin Central Bus Station,dinner,56
m_26,2026-10-05,Curtin Central Bus Station,dinner,34
m_27,2026-10-05,Curtin Central Bus Station,dinner,43
m_28,2026-10-05,Curtin Central Bus Station,dinner,55
m_30,2026-10-05,Curtin Central Bus Station,dinner,37
m_01,2026-10-05,Curtin Engineering Guild,dinner,57
m_03,2026-10-05,Curtin Engineering Guild,dinner,51
m_05,2026-10-05,Curtin Engineering Guild,dinner,47
m_07,2026-10-05,Curtin Engineering Guild,dinner,56
m_08,2026-10-05,Curtin Engineering Guild,dinner,25
m_09,2026-10-05,Curtin Engineering Guild,dinner,54
m_11,2026-10-05,Curtin Engineering Guild,dinner,56
m_12,2026-10-05,Curtin Engineering Guild,dinner,55
m_13,2026-10-05,Curtin Engineering Guild,dinner,58
m_14,2026-10-05,Curtin Engineering Guild,dinner,42
m_15,2026-10-05,Curtin Engineering Guild,dinner,47
m_17,2026-10-05,Curtin Engineering Guild,dinner,56
m_19,2026-10-05,Curtin Engineering Guild,dinner,54
m_21,2026-10-05,Curtin Engineering Guild,dinner,54
m_22,2026-10-05,Curtin Engineering Guild,dinner,48
m_23,2026-10-05,Curtin Engineering Guild,dinner,29
m_25,2026-10-05,Curtin Engineering Guild,dinner,27
m_26,2026-10-05,Curtin Engineering Guild,dinner,43
m_27,2026-10-05,Curtin Engineering Guild,dinner,59
m_28,2026-10-05,Curtin Engineering Guild,dinner,27
m_29,2026-10-05,Curtin Engineering Guild,dinner,27
m_30,2026-10-05,Curtin Engineering Guild,dinner,35
m_01,2026-10-05,Bentley Library Commons,dinner,37
m_03,2026-10-05,Bentley Library Commons,dinner,49
m_04,2026-10-05,Bentley Library Commons,dinner,30
m_05,2026-10-05,Bentley Library Commons,dinner,44
m_06,2026-10-05,Bentley Library Commons,dinner,58
m_09,2026-10-05,Bentley Library Commons,dinner,38
m_10,2026-10-05,Bentley Library Commons,dinner,39
m_11,2026-10-05,Bentley Library Commons,dinner,46
m_12,2026-10-05,Bentley Library Commons,dinner,54
m_13,2026-10-05,Bentley Library Commons,dinner,28
m_14,2026-10-05,Bentley Library Commons,dinner,33
m_15,2026-10-05,Bentley Library Commons,dinner,44
m_17,2026-10-05,Bentley Library Commons,dinner,47
m_18,2026-10-05,Bentley Library Commons,dinner,43
m_19,2026-10-05,Bentley Library Commons,dinner,37
m_20,2026-10-05,Bentley Library Commons,dinner,34
m_21,2026-10-05,Bentley Library Commons,dinner,49
m_22,2026-10-05,Bentley Library Commons,dinner,47
m_23,2026-10-05,Bentley Library Commons,dinner,36
m_24,2026-10-05,Bentley Library Commons,dinner,26
m_26,2026-10-05,Bentley Library Commons,dinner,56
m_27,2026-10-05,Bentley Library Commons,dinner,55
m_28,2026-10-05,Bentley Library Commons,dinner,41
m_29,2026-10-05,Bentley Library Commons,dinner,56
m_30,2026-10-05,Bentley Library Commons,dinner,55
m_01,2026-10-05,Victoria Park Station Hub,dinner,35
m_02,2026-10-05,Victoria Park Station Hub,dinner,44
m_03,2026-10-05,Victoria Park Station Hub,dinner,34
m_05,2026-10-05,Victoria Park Station Hub,dinner,32
m_06,2026-10-05,Victoria Park Station Hub,dinner,27
m_08,2026-10-05,Victoria Park Station Hub,dinner,30
m_09,2026-10-05,Victoria Park Station Hub,dinner,50
m_10,2026-10-05,Victoria Park Station Hub,dinner,36
m_11,2026-10-05,Victoria Park Station Hub,dinner,57
m_12,2026-10-05,Victoria Park Station Hub,dinner,30
m_14,2026-10-05,Victoria Park Station Hub,dinner,27
m_15,2026-10-05,Victoria Park Station Hub,dinner,40
m_16,2026-10-05,Victoria Park Station Hub,dinner,38
m_17,2026-10-05,Victoria Park Station Hub,dinner,45
m_18,2026-10-05,Victoria Park Station Hub,dinner,52
m_19,2026-10-05,Victoria Park Station Hub,dinner,41
m_20,2026-10-05,Victoria Park Station Hub,dinner,41
m_21,2026-10-05,Victoria Park Station Hub,dinner,36
m_24,2026-10-05,Victoria Park Station Hub,dinner,54
m_25,2026-10-05,Victoria Park Station Hub,dinner,52
m_26,2026-10-05,Victoria Park Station Hub,dinner,33
m_27,2026-10-05,Victoria Park Station Hub,dinner,40
m_28,2026-10-05,Victoria Park Station Hub,dinner,25
m_29,2026-10-05,Victoria Park Station Hub,dinner,44
m_30,2026-10-05,Victoria Park Station Hub,dinner,34
m_01,2026-10-06,Curtin Central Bus Station,dinner,32
m_04,2026-10-06,Curtin Central Bus Station,dinner,38
m_06,2026-10-06,Curtin Central Bus Station,dinner,49
m_07,2026-10-06,Curtin Central Bus Station,dinner,50
m_08,2026-10-06,Curtin Central Bus Station,dinner,51
m_09,2026-10-06,Curtin Central Bus Station,dinner,44
m_10,2026-10-06,Curtin Central Bus Station,dinner,43
m_11,2026-10-06,Curtin Central Bus Station,dinner,34
m_12,2026-10-06,Curtin Central Bus Station,dinner,59
m_13,2026-10-06,Curtin Central Bus Station,dinner,58
m_14,2026-10-06,Curtin Central Bus Station,dinner,51
m_15,2026-10-06,Curtin Central Bus Station,dinner,29
m_17,2026-10-06,Curtin Central Bus Station,dinner,48
m_18,2026-10-06,Curtin Central Bus Station,dinner,54
m_19,2026-10-06,Curtin Central Bus Station,dinner,36
m_22,2026-10-06,Curtin Central Bus Station,dinner,55
m_24,2026-10-06,Curtin Central Bus Station,dinner,36
m_25,2026-10-06,Curtin Central Bus Station,dinner,28
m_26,2026-10-06,Curtin Central Bus Station,dinner,37
m_28,2026-10-06,Curtin Central Bus Station,dinner,35
m_29,2026-10-06,Curtin Central Bus Station,dinner,45
m_30,2026-10-06,Curtin Central Bus Station,dinner,39
m_01,2026-10-06,Curtin Engineering Guild,dinner,44
m_03,2026-10-06,Curtin Engineering Guild,dinner,57
m_04,2026-10-06,Curtin Engineering Guild,dinner,51
m_05,2026-10-06,Curtin Engineering Guild,dinner,54
m_06,2026-10-06,Curtin Engineering Guild,dinner,57
m_07,2026-10-06,Curtin Engineering Guild,dinner,41
m_08,2026-10-06,Curtin Engineering Guild,dinner,48
m_09,2026-10-06,Curtin Engineering Guild,dinner,41
m_10,2026-10-06,Curtin Engineering Guild,dinner,38
m_12,2026-10-06,Curtin Engineering Guild,dinner,45
m_14,2026-10-06,Curtin Engineering Guild,dinner,35
m_15,2026-10-06,Curtin Engineering Guild,dinner,57
m_16,2026-10-06,Curtin Engineering Guild,dinner,58
m_17,2026-10-06,Curtin Engineering Guild,dinner,25
m_18,2026-10-06,Curtin Engineering Guild,dinner,47
m_20,2026-10-06,Curtin Engineering Guild,dinner,57
m_22,2026-10-06,Curtin Engineering Guild,dinner,56
m_23,2026-10-06,Curtin Engineering Guild,dinner,45
m_24,2026-10-06,Curtin Engineering Guild,dinner,33
m_25,2026-10-06,Curtin Engineering Guild,dinner,59
m_26,2026-10-06,Curtin Engineering Guild,dinner,43
m_28,2026-10-06,Curtin Engineering Guild,dinner,38
m_29,2026-10-06,Curtin Engineering Guild,dinner,52
m_30,2026-10-06,Curtin Engineering Guild,dinner,36
m_01,2026-10-06,Bentley Library Commons,dinner,42
m_03,2026-10-06,Bentley Library Commons,dinner,31
m_05,2026-10-06,Bentley Library Commons,dinner,46
m_06,2026-10-06,Bentley Library Commons,dinner,52
m_07,2026-10-06,Bentley Library Commons,dinner,42
m_09,2026-10-06,Bentley Library Commons,dinner,59
m_10,2026-10-06,Bentley Library Commons,dinner,52
m_11,2026-10-06,Bentley Library Commons,dinner,32
m_13,2026-10-06,Bentley Library Commons,dinner,41
m_14,2026-10-06,Bentley Library Commons,dinner,55
m_15,2026-10-06,Bentley Library Commons,dinner,37
m_16,2026-10-06,Bentley Library Commons,dinner,46
m_17,2026-10-06,Bentley Library Commons,dinner,26
m_18,2026-10-06,Bentley Library Commons,dinner,27
m_19,2026-10-06,Bentley Library Commons,dinner,51
m_20,2026-10-06,Bentley Library Commons,dinner,57
m_21,2026-10-06,Bentley Library Commons,dinner,43
m_22,2026-10-06,Bentley Library Commons,dinner,58
m_23,2026-10-06,Bentley Library Commons,dinner,52
m_24,2026-10-06,Bentley Library Commons,dinner,36
m_25,2026-10-06,Bentley Library Commons,dinner,53
m_26,2026-10-06,Bentley Library Commons,dinner,55
m_27,2026-10-06,Bentley Library Commons,dinner,44
m_30,2026-10-06,Bentley Library Commons,dinner,39
m_01,2026-10-06,Victoria Park Station Hub,dinner,42
m_03,2026-10-06,Victoria Park Station Hub,dinner,43
m_04,2026-10-06,Victoria Park Station Hub,dinner,43
m_06,2026-10-06,Victoria Park Station Hub,dinner,53
m_07,2026-10-06,Victoria Park Station Hub,dinner,56
m_08,2026-10-06,Victoria Park Station Hub,dinner,50
m_10,2026-10-06,Victoria Park Station Hub,dinner,38
m_11,2026-10-06,Victoria Park Station Hub,dinner,56
m_14,2026-10-06,Victoria Park Station Hub,dinner,38
m_15,2026-10-06,Victoria Park Station Hub,dinner,26
m_16,2026-10-06,Victoria Park Station Hub,dinner,26
m_17,2026-10-06,Victoria Park Station Hub,dinner,49
m_18,2026-10-06,Victoria Park Station Hub,dinner,40
m_19,2026-10-06,Victoria Park Station Hub,dinner,39
m_20,2026-10-06,Victoria Park Station Hub,dinner,41
m_21,2026-10-06,Victoria Park Station Hub,dinner,54
m_23,2026-10-06,Victoria Park Station Hub,dinner,55
m_24,2026-10-06,Victoria Park Station Hub,dinner,52
m_25,2026-10-06,Victoria Park Station Hub,dinner,36
m_27,2026-10-06,Victoria Park Station Hub,dinner,51
m_28,2026-10-06,Victoria Park Station Hub,dinner,36
m_29,2026-10-06,Victoria Park Station Hub,dinner,55
m_30,2026-10-06,Victoria Park Station Hub,dinner,25
m_02,2026-10-07,Curtin Central Bus Station,dinner,43
m_03,2026-10-07,Curtin Central Bus Station,dinner,59
m_04,2026-10-07,Curtin Central Bus Station,dinner,52
m_05,2026-10-07,Curtin Central Bus Station,dinner,51
m_06,2026-10-07,Curtin Central Bus Station,dinner,41
m_08,2026-10-07,Curtin Central Bus Station,dinner,47
m_10,2026-10-07,Curtin Central Bus Station,dinner,52
m_11,2026-10-07,Curtin Central Bus Station,dinner,27
m_12,2026-10-07,Curtin Central Bus Station,dinner,37
m_13,2026-10-07,Curtin Central Bus Station,dinner,39
m_16,2026-10-07,Curtin Central Bus Station,dinner,51
m_17,2026-10-07,Curtin Central Bus Station,dinner,26
m_18,2026-10-07,Curtin Central Bus Station,dinner,37
m_19,2026-10-07,Curtin Central Bus Station,dinner,47
m_20,2026-10-07,Curtin Central Bus Station,dinner,37
m_21,2026-10-07,Curtin Central Bus Station,dinner,55
m_24,2026-10-07,Curtin Central Bus Station,dinner,46
m_25,2026-10-07,Curtin Central Bus Station,dinner,50
m_26,2026-10-07,Curtin Central Bus Station,dinner,42
m_28,2026-10-07,Curtin Central Bus Station,dinner,54
m_29,2026-10-07,Curtin Central Bus Station,dinner,55
m_30,2026-10-07,Curtin Central Bus Station,dinner,49
m_01,2026-10-07,Curtin Engineering Guild,dinner,36
m_02,2026-10-07,Curtin Engineering Guild,dinner,54
m_03,2026-10-07,Curtin Engineering Guild,dinner,54
m_04,2026-10-07,Curtin Engineering Guild,dinner,55
m_05,2026-10-07,Curtin Engineering Guild,dinner,37
m_06,2026-10-07,Curtin Engineering Guild,dinner,34
m_07,2026-10-07,Curtin Engineering Guild,dinner,34
m_09,2026-10-07,Curtin Engineering Guild,dinner,29
m_10,2026-10-07,Curtin Engineering Guild,dinner,59
m_11,2026-10-07,Curtin Engineering Guild,dinner,43
m_12,2026-10-07,Curtin Engineering Guild,dinner,42
m_13,2026-10-07,Curtin Engineering Guild,dinner,48
m_14,2026-10-07,Curtin Engineering Guild,dinner,26
m_15,2026-10-07,Curtin Engineering Guild,dinner,31
m_16,2026-10-07,Curtin Engineering Guild,dinner,40
m_17,2026-10-07,Curtin Engineering Guild,dinner,37
m_19,2026-10-07,Curtin Engineering Guild,dinner,29
m_20,2026-10-07,Curtin Engineering Guild,dinner,31
m_21,2026-10-07,Curtin Engineering Guild,dinner,28
m_22,2026-10-07,Curtin Engineering Guild,dinner,58
m_25,2026-10-07,Curtin Engineering Guild,dinner,31
m_26,2026-10-07,Curtin Engineering Guild,dinner,44
m_29,2026-10-07,Curtin Engineering Guild,dinner,51
m_30,2026-10-07,Curtin Engineering Guild,dinner,29
m_02,2026-10-07,Bentley Library Commons,dinner,28
m_03,2026-10-07,Bentley Library Commons,dinner,59
m_04,2026-10-07,Bentley Library Commons,dinner,41
m_05,2026-10-07,Bentley Library Commons,dinner,32
m_06,2026-10-07,Bentley Library Commons,dinner,26
m_07,2026-10-07,Bentley Library Commons,dinner,33
m_09,2026-10-07,Bentley Library Commons,dinner,36
m_10,2026-10-07,Bentley Library Commons,dinner,57
m_11,2026-10-07,Bentley Library Commons,dinner,58
m_12,2026-10-07,Bentley Library Commons,dinner,37
m_13,2026-10-07,Bentley Library Commons,dinner,56
m_14,2026-10-07,Bentley Library Commons,dinner,55
m_15,2026-10-07,Bentley Library Commons,dinner,36
m_17,2026-10-07,Bentley Library Commons,dinner,54
m_18,2026-10-07,Bentley Library Commons,dinner,28
m_19,2026-10-07,Bentley Library Commons,dinner,31
m_20,2026-10-07,Bentley Library Commons,dinner,56
m_22,2026-10-07,Bentley Library Commons,dinner,36
m_24,2026-10-07,Bentley Library Commons,dinner,56
m_25,2026-10-07,Bentley Library Commons,dinner,38
m_26,2026-10-07,Bentley Library Commons,dinner,38
m_28,2026-10-07,Bentley Library Commons,dinner,32
m_30,2026-10-07,Bentley Library Commons,dinner,50
m_01,2026-10-07,Victoria Park Station Hub,dinner,49
m_02,2026-10-07,Victoria Park Station Hub,dinner,45
m_03,2026-10-07,Victoria Park Station Hub,dinner,25
m_04,2026-10-07,Victoria Park Station Hub,dinner,57
m_05,2026-10-07,Victoria Park Station Hub,dinner,38
m_06,2026-10-07,Victoria Park Station Hub,dinner,58
m_07,2026-10-07,Victoria Park Station Hub,dinner,35
m_08,2026-10-07,Victoria Park Station Hub,dinner,49
m_09,2026-10-07,Victoria Park Station Hub,dinner,57
m_10,2026-10-07,Victoria Park Station Hub,dinner,26
m_11,2026-10-07,Victoria Park Station Hub,dinner,29
m_12,2026-10-07,Victoria Park Station Hub,dinner,41
m_13,2026-10-07,Victoria Park Station Hub,dinner,33
m_15,2026-10-07,Victoria Park Station Hub,dinner,35
m_16,2026-10-07,Victoria Park Station Hub,dinner,25
m_17,2026-10-07,Victoria Park Station Hub,dinner,36
m_18,2026-10-07,Victoria Park Station Hub,dinner,42
m_19,2026-10-07,Victoria Park Station Hub,dinner,27
m_20,2026-10-07,Victoria Park Station Hub,dinner,33
m_21,2026-10-07,Victoria Park Station Hub,dinner,31
m_22,2026-10-07,Victoria Park Station Hub,dinner,59
m_23,2026-10-07,Victoria Park Station Hub,dinner,31
m_24,2026-10-07,Victoria Park Station Hub,dinner,48
m_25,2026-10-07,Victoria Park Station Hub,dinner,48
m_26,2026-10-07,Victoria Park Station Hub,dinner,41
m_27,2026-10-07,Victoria Park Station Hub,dinner,41
m_28,2026-10-07,Victoria Park Station Hub,dinner,37
m_29,2026-10-07,Victoria Park Station Hub,dinner,34
m_30,2026-10-07,Victoria Park Station Hub,dinner,48
m_01,2026-10-08,Curtin Central Bus Station,dinner,50
m_02,2026-10-08,Curtin Central Bus Station,dinner,55
m_03,2026-10-08,Curtin Central Bus Station,dinner,30
m_05,2026-10-08,Curtin Central Bus Station,dinner,31
m_06,2026-10-08,Curtin Central Bus Station,dinner,40
m_07,2026-10-08,Curtin Central Bus Station,dinner,49
m_08,2026-10-08,Curtin Central Bus Station,dinner,57
m_09,2026-10-08,Curtin Central Bus Station,dinner,53
m_10,2026-10-08,Curtin Central Bus Station,dinner,34
m_11,2026-10-08,Curtin Central Bus Station,dinner,27
m_12,2026-10-08,Curtin Central Bus Station,dinner,49
m_14,2026-10-08,Curtin Central Bus Station,dinner,34
m_15,2026-10-08,Curtin Central Bus Station,dinner,43
m_17,2026-10-08,Curtin Central Bus Station,dinner,52
m_18,2026-10-08,Curtin Central Bus Station,dinner,34
m_19,2026-10-08,Curtin Central Bus Station,dinner,27
m_20,2026-10-08,Curtin Central Bus Station,dinner,51
m_22,2026-10-08,Curtin Central Bus Station,dinner,51
m_23,2026-10-08,Curtin Central Bus Station,dinner,31
m_24,2026-10-08,Curtin Central Bus Station,dinner,56
m_26,2026-10-08,Curtin Central Bus Station,dinner,49
m_27,2026-10-08,Curtin Central Bus Station,dinner,44
m_28,2026-10-08,Curtin Central Bus Station,dinner,48
m_01,2026-10-08,Curtin Engineering Guild,dinner,47
m_02,2026-10-08,Curtin Engineering Guild,dinner,53
m_03,2026-10-08,Curtin Engineering Guild,dinner,49
m_04,2026-10-08,Curtin Engineering Guild,dinner,42
m_05,2026-10-08,Curtin Engineering Guild,dinner,58
m_06,2026-10-08,Curtin Engineering Guild,dinner,38
m_07,2026-10-08,Curtin Engineering Guild,dinner,52
m_08,2026-10-08,Curtin Engineering Guild,dinner,44
m_09,2026-10-08,Curtin Engineering Guild,dinner,32
m_10,2026-10-08,Curtin Engineering Guild,dinner,43
m_11,2026-10-08,Curtin Engineering Guild,dinner,50
m_12,2026-10-08,Curtin Engineering Guild,dinner,31
m_13,2026-10-08,Curtin Engineering Guild,dinner,26
m_14,2026-10-08,Curtin Engineering Guild,dinner,41
m_15,2026-10-08,Curtin Engineering Guild,dinner,25
m_16,2026-10-08,Curtin Engineering Guild,dinner,44
m_17,2026-10-08,Curtin Engineering Guild,dinner,44
m_19,2026-10-08,Curtin Engineering Guild,dinner,39
m_20,2026-10-08,Curtin Engineering Guild,dinner,58
m_21,2026-10-08,Curtin Engineering Guild,dinner,46
m_22,2026-10-08,Curtin Engineering Guild,dinner,42
m_24,2026-10-08,Curtin Engineering Guild,dinner,27
m_28,2026-10-08,Curtin Engineering Guild,dinner,53
m_30,2026-10-08,Curtin Engineering Guild,dinner,48
m_01,2026-10-08,Bentley Library Commons,dinner,40
m_02,2026-10-08,Bentley Library Commons,dinner,46
m_05,2026-10-08,Bentley Library Commons,dinner,34
m_06,2026-10-08,Bentley Library Commons,dinner,55
m_07,2026-10-08,Bentley Library Commons,dinner,34
m_08,2026-10-08,Bentley Library Commons,dinner,32
m_09,2026-10-08,Bentley Library Commons,dinner,37
m_11,2026-10-08,Bentley Library Commons,dinner,59
m_12,2026-10-08,Bentley Library Commons,dinner,55
m_13,2026-10-08,Bentley Library Commons,dinner,25
m_14,2026-10-08,Bentley Library Commons,dinner,49
m_15,2026-10-08,Bentley Library Commons,dinner,35
m_16,2026-10-08,Bentley Library Commons,dinner,27
m_17,2026-10-08,Bentley Library Commons,dinner,54
m_18,2026-10-08,Bentley Library Commons,dinner,52
m_19,2026-10-08,Bentley Library Commons,dinner,25
m_20,2026-10-08,Bentley Library Commons,dinner,44
m_21,2026-10-08,Bentley Library Commons,dinner,31
m_24,2026-10-08,Bentley Library Commons,dinner,43
m_25,2026-10-08,Bentley Library Commons,dinner,53
m_26,2026-10-08,Bentley Library Commons,dinner,52
m_27,2026-10-08,Bentley Library Commons,dinner,27
m_30,2026-10-08,Bentley Library Commons,dinner,44
m_02,2026-10-08,Victoria Park Station Hub,dinner,57
m_03,2026-10-08,Victoria Park Station Hub,dinner,54
m_04,2026-10-08,Victoria Park Station Hub,dinner,54
m_05,2026-10-08,Victoria Park Station Hub,dinner,25
m_06,2026-10-08,Victoria Park Station Hub,dinner,56
m_07,2026-10-08,Victoria Park Station Hub,dinner,36
m_08,2026-10-08,Victoria Park Station Hub,dinner,39
m_09,2026-10-08,Victoria Park Station Hub,dinner,40
m_10,2026-10-08,Victoria Park Station Hub,dinner,58
m_12,2026-10-08,Victoria Park Station Hub,dinner,50
m_15,2026-10-08,Victoria Park Station Hub,dinner,27
m_16,2026-10-08,Victoria Park Station Hub,dinner,58
m_17,2026-10-08,Victoria Park Station Hub,dinner,50
m_19,2026-10-08,Victoria Park Station Hub,dinner,27
m_20,2026-10-08,Victoria Park Station Hub,dinner,30
m_21,2026-10-08,Victoria Park Station Hub,dinner,30
m_23,2026-10-08,Victoria Park Station Hub,dinner,57
m_24,2026-10-08,Victoria Park Station Hub,dinner,41
m_25,2026-10-08,Victoria Park Station Hub,dinner,44
m_26,2026-10-08,Victoria Park Station Hub,dinner,56
m_27,2026-10-08,Victoria Park Station Hub,dinner,41
m_28,2026-10-08,Victoria Park Station Hub,dinner,58
m_29,2026-10-08,Victoria Park Station Hub,dinner,28
m_30,2026-10-08,Victoria Park Station Hub,dinner,59
m_01,2026-10-09,Curtin Central Bus Station,dinner,42
m_02,2026-10-09,Curtin Central Bus Station,dinner,54
m_04,2026-10-09,Curtin Central Bus Station,dinner,57
m_05,2026-10-09,Curtin Central Bus Station,dinner,34
m_06,2026-10-09,Curtin Central Bus Station,dinner,55
m_07,2026-10-09,Curtin Central Bus Station,dinner,33
m_09,2026-10-09,Curtin Central Bus Station,dinner,26
m_10,2026-10-09,Curtin Central Bus Station,dinner,41
m_12,2026-10-09,Curtin Central Bus Station,dinner,35
m_13,2026-10-09,Curtin Central Bus Station,dinner,42
m_14,2026-10-09,Curtin Central Bus Station,dinner,32
m_15,2026-10-09,Curtin Central Bus Station,dinner,25
m_16,2026-10-09,Curtin Central Bus Station,dinner,36
m_17,2026-10-09,Curtin Central Bus Station,dinner,33
m_18,2026-10-09,Curtin Central Bus Station,dinner,58
m_19,2026-10-09,Curtin Central Bus Station,dinner,59
m_20,2026-10-09,Curtin Central Bus Station,dinner,30
m_21,2026-10-09,Curtin Central Bus Station,dinner,41
m_22,2026-10-09,Curtin Central Bus Station,dinner,46
m_23,2026-10-09,Curtin Central Bus Station,dinner,37
m_26,2026-10-09,Curtin Central Bus Station,dinner,47
m_27,2026-10-09,Curtin Central Bus Station,dinner,28
m_28,2026-10-09,Curtin Central Bus Station,dinner,56
m_29,2026-10-09,Curtin Central Bus Station,dinner,47
m_30,2026-10-09,Curtin Central Bus Station,dinner,25
m_06,2026-10-09,Curtin Engineering Guild,dinner,31
m_08,2026-10-09,Curtin Engineering Guild,dinner,25
m_09,2026-10-09,Curtin Engineering Guild,dinner,45
m_10,2026-10-09,Curtin Engineering Guild,dinner,44
m_12,2026-10-09,Curtin Engineering Guild,dinner,36
m_15,2026-10-09,Curtin Engineering Guild,dinner,36
m_17,2026-10-09,Curtin Engineering Guild,dinner,57
m_18,2026-10-09,Curtin Engineering Guild,dinner,45
m_19,2026-10-09,Curtin Engineering Guild,dinner,29
m_20,2026-10-09,Curtin Engineering Guild,dinner,38
m_21,2026-10-09,Curtin Engineering Guild,dinner,40
m_25,2026-10-09,Curtin Engineering Guild,dinner,25
m_27,2026-10-09,Curtin Engineering Guild,dinner,31
m_29,2026-10-09,Curtin Engineering Guild,dinner,53
m_30,2026-10-09,Curtin Engineering Guild,dinner,46
m_01,2026-10-09,Bentley Library Commons,dinner,29
m_02,2026-10-09,Bentley Library Commons,dinner,52
m_03,2026-10-09,Bentley Library Commons,dinner,56
m_05,2026-10-09,Bentley Library Commons,dinner,46
m_06,2026-10-09,Bentley Library Commons,dinner,44
m_07,2026-10-09,Bentley Library Commons,dinner,54
m_08,2026-10-09,Bentley Library Commons,dinner,32
m_09,2026-10-09,Bentley Library Commons,dinner,53
m_10,2026-10-09,Bentley Library Commons,dinner,54
m_11,2026-10-09,Bentley Library Commons,dinner,40
m_12,2026-10-09,Bentley Library Commons,dinner,54
m_13,2026-10-09,Bentley Library Commons,dinner,27
m_14,2026-10-09,Bentley Library Commons,dinner,57
m_15,2026-10-09,Bentley Library Commons,dinner,57
m_16,2026-10-09,Bentley Library Commons,dinner,54
m_17,2026-10-09,Bentley Library Commons,dinner,50
m_18,2026-10-09,Bentley Library Commons,dinner,46
m_19,2026-10-09,Bentley Library Commons,dinner,31
m_20,2026-10-09,Bentley Library Commons,dinner,48
m_22,2026-10-09,Bentley Library Commons,dinner,53
m_23,2026-10-09,Bentley Library Commons,dinner,52
m_26,2026-10-09,Bentley Library Commons,dinner,56
m_27,2026-10-09,Bentley Library Commons,dinner,38
m_30,2026-10-09,Bentley Library Commons,dinner,28
m_04,2026-10-09,Victoria Park Station Hub,dinner,46
m_05,2026-10-09,Victoria Park Station Hub,dinner,46
m_06,2026-10-09,Victoria Park Station Hub,dinner,38
m_07,2026-10-09,Victoria Park Station Hub,dinner,42
m_08,2026-10-09,Victoria Park Station Hub,dinner,39
m_09,2026-10-09,Victoria Park Station Hub,dinner,52
m_10,2026-10-09,Victoria Park Station Hub,dinner,51
m_11,2026-10-09,Victoria Park Station Hub,dinner,28
m_12,2026-10-09,Victoria Park Station Hub,dinner,34
m_13,2026-10-09,Victoria Park Station Hub,dinner,37
m_14,2026-10-09,Victoria Park Station Hub,dinner,40
m_15,2026-10-09,Victoria Park Station Hub,dinner,57
m_16,2026-10-09,Victoria Park Station Hub,dinner,27
m_17,2026-10-09,Victoria Park Station Hub,dinner,55
m_19,2026-10-09,Victoria Park Station Hub,dinner,52
m_20,2026-10-09,Victoria Park Station Hub,dinner,59
m_21,2026-10-09,Victoria Park Station Hub,dinner,48
m_22,2026-10-09,Victoria Park Station Hub,dinner,26
m_23,2026-10-09,Victoria Park Station Hub,dinner,44
m_24,2026-10-09,Victoria Park Station Hub,dinner,45
m_26,2026-10-09,Victoria Park Station Hub,dinner,45
m_27,2026-10-09,Victoria Park Station Hub,dinner,25
m_28,2026-10-09,Victoria Park Station Hub,dinner,47
m_30,2026-10-09,Victoria Park Station Hub,dinner,56