order_id,meal_id,quantity,unit_price,item_type
ord_1,m_22,1,12.50,main
ord_2,m_13,1,3.00,main
ord_3,m_17,1,13.00,main
ord_4,m_30,1,11.00,main
ord_5,m_13,1,3.00,main
ord_6,m_17,1,13.00,main
ord_7,m_30,1,11.00,main
ord_8,m_13,1,3.00,main
ord_9,m_17,1,13.00,main
ord_10,m_30,1,11.00,main
ord_11,m_13,1,3.00,main
ord_12,m_17,1,13.00,main
ord_13,m_30,1,11.00,main
ord_14,m_13,1,3.00,main
ord_15,m_17,1,13.00,main
ord_16,m_30,1,11.00,main
ord_17,m_13,1,3.00,main
ord_18,m_17,1,13.00,main
ord_19,m_30,1,11.00,main
ord_20,m_13,1,3.00,main
ord_21,m_17,1,13.00,main
ord_22,m_30,1,11.00,main
ord_23,m_13,1,3.00,main
ord_24,m_17,1,13.00,main
ord_25,m_30,1,11.00,main
ord_26,m_13,1,3.00,main
ord_27,m_17,1,13.00,main
ord_28,m_30,1,11.00,main
ord_29,m_13,1,3.00,main
ord_30,m_17,1,13.00,main
ord_31,m_30,1,11.00,main
ord_32,m_13,1,3.00,main
ord_33,m_17,1,13.00,main
ord_34,m_30,1,11.00,main
ord_35,m_13,1,3.00,main
ord_36,m_17,1,13.00,main
ord_37,m_30,1,11.00,main
ord_38,m_13,1,3.00,main
ord_39,m_17,1,13.00,main
ord_40,m_30,1,11.00,main
ord_41,m_13,1,3.00,main
ord_42,m_17,1,13.00,main
ord_43,m_30,1,11.00,main
ord_44,m_13,1,3.00,main
ord_45,m_17,1,13.00,main
ord_46,m_30,1,11.00,main
ord_47,m_13,1,3.00,main
ord_48,m_17,1,13.00,main
ord_49,m_30,1,11.00,main
ord_50,m_13,1,3.00,main
ord_51,m_17,1,13.00,main
ord_52,m_25,1,13.50,main
ord_53,m_24,1,3.00,main
ord_54,m_16,1,2.50,main
ord_55,m_09,1,3.50,main
ord_56,m_24,1,3.00,main
ord_57,m_16,1,2.50,main
ord_58,m_09,1,3.50,main
ord_59,m_11,1,13.50,main
ord_60,m_07,1,11.00,main
ord_61,m_10,1,12.00,main
ord_62,m_22,1,12.50,main
ord_63,m_28,1,12.00,main
ord_64,m_10,1,12.00,main
ord_65,m_22,1,12.50,main
ord_66,m_28,1,12.00,main
ord_67,m_10,1,12.00,main
ord_68,m_22,1,12.50,main
ord_69,m_05,1,12.00,main
ord_70,m_11,1,13.50,main
ord_71,m_01,1,13.00,main
ord_72,m_05,1,12.00,main
ord_73,m_11,1,13.50,main
ord_74,m_01,1,13.00,main
ord_75,m_08,1,4.00,main
ord_76,m_13,1,3.00,main
ord_77,m_09,1,3.50,main
ord_78,m_08,1,4.00,main
ord_79,m_13,1,3.00,main
ord_80,m_09,1,3.50,main
ord_81,m_08,1,4.00,main
ord_82,m_13,1,3.00,main
ord_83,m_05,1,12.00,main
ord_84,m_22,1,12.50,main
ord_85,m_19,1,12.00,main
ord_86,m_05,1,12.00,main
ord_87,m_07,1,11.00,main
ord_88,m_05,1,12.00,main
ord_89,m_28,1,12.00,main
ord_90,m_05,1,12.00,main
ord_91,m_10,1,12.00,main
ord_92,m_17,1,13.00,main
ord_93,m_16,1,2.50,main
ord_94,m_24,1,3.00,main
ord_95,m_17,1,13.00,main
ord_96,m_07,1,11.00,main
ord_97,m_05,1,12.00,main
ord_98,m_08,1,4.00,main
ord_99,m_07,1,11.00,main
ord_100,m_07,1,11.00,main
ord_101,m_16,1,2.50,main
ord_102,m_23,1,11.00,main
ord_103,m_07,1,11.00,main
ord_104,m_16,1,2.50,main
ord_105,m_23,1,11.00,main
ord_106,m_07,1,11.00,main
ord_107,m_16,1,2.50,main
ord_108,m_11,1,13.50,main
ord_109,m_28,1,12.00,main
ord_110,m_10,1,12.00,main
ord_111,m_05,1,12.00,main
ord_112,m_28,1,12.00,main
ord_113,m_10,1,12.00,main
ord_114,m_29,1,13.00,main
ord_115,m_22,1,12.50,main
ord_116,m_05,1,12.00,main
ord_117,m_29,1,13.00,main
ord_118,m_22,1,12.50,main
ord_119,m_05,1,12.00,main
ord_120,m_29,1,13.00,main
ord_121,m_22,1,12.50,main
ord_122,m_07,1,11.00,main
ord_123,m_23,1,11.00,main
ord_124,m_10,1,12.00,main
ord_125,m_07,1,11.00,main
ord_126,m_22,1,12.50,main
ord_127,m_01,1,13.00,main
ord_128,m_22,1,12.50,main
ord_129,m_10,1,12.00,main
ord_130,m_05,1,12.00,main
ord_131,m_22,1,12.50,main
ord_132,m_10,1,12.00,main
ord_133,m_05,1,12.00,main
ord_134,m_22,1,12.50,main
ord_135,m_28,1,12.00,main
ord_136,m_10,1,12.00,main
ord_137,m_23,1,11.00,main
ord_138,m_02,1,12.50,main
ord_139,m_27,1,12.50,main
ord_140,m_11,1,13.50,main
ord_141,m_01,1,13.00,main
ord_142,m_27,1,12.50,main
ord_143,m_11,1,13.50,main
ord_144,m_02,1,12.50,main
ord_145,m_07,1,11.00,main
ord_146,m_13,1,3.00,main
ord_147,m_22,1,12.50,main
ord_148,m_11,1,13.50,main
ord_149,m_01,1,13.00,main
ord_150,m_22,1,12.50,main
ord_151,m_11,1,13.50,main
ord_152,m_01,1,13.00,main
ord_153,m_22,1,12.50,main
ord_154,m_07,1,11.00,main
ord_155,m_19,1,12.00,main
ord_156,m_03,1,14.50,main
ord_157,m_05,1,12.00,main
ord_158,m_11,1,13.50,main
ord_159,m_03,1,14.50,main
ord_160,m_05,1,12.00,main
ord_161,m_11,1,13.50,main
ord_162,m_03,1,14.50,main
ord_163,m_05,1,12.00,main
ord_164,m_23,1,11.00,main
ord_165,m_07,1,11.00,main
ord_166,m_24,1,3.00,main
ord_167,m_23,1,11.00,main
ord_168,m_07,1,11.00,main
ord_169,m_24,1,3.00,main
ord_170,m_05,1,12.00,main
ord_171,m_10,1,12.00,main
ord_172,m_22,1,12.50,main
ord_173,m_05,1,12.00,main
ord_174,m_10,1,12.00,main
ord_175,m_22,1,12.50,main
ord_176,m_05,1,12.00,main
ord_177,m_28,1,12.00,main
ord_178,m_10,1,12.00,main
ord_179,m_05,1,12.00,main
ord_180,m_22,1,12.50,main
ord_181,m_05,1,12.00,main
ord_182,m_01,1,13.00,main
ord_183,m_22,1,12.50,main
ord_184,m_05,1,12.00,main
ord_185,m_01,1,13.00,main
ord_186,m_16,1,2.50,main
ord_187,m_13,1,3.00,main
ord_188,m_02,1,12.50,main
ord_189,m_16,1,2.50,main
ord_190,m_13,1,3.00,main
ord_191,m_02,1,12.50,main
ord_192,m_16,1,2.50,main
ord_193,m_13,1,3.00,main
ord_194,m_27,1,12.50,main
ord_195,m_28,1,12.00,main
ord_196,m_11,1,13.50,main
ord_197,m_27,1,12.50,main
ord_198,m_13,1,3.00,main
ord_199,m_07,1,11.00,main
ord_200,m_16,1,2.50,main
ord_201,m_13,1,3.00,main
ord_202,m_22,1,12.50,main
ord_203,m_11,1,13.50,main
ord_204,m_27,1,12.50,main
ord_205,m_22,1,12.50,main
ord_206,m_30,1,11.00,main
ord_207,m_07,1,11.00,main
ord_208,m_23,1,11.00,main
ord_209,m_30,1,11.00,main
ord_210,m_07,1,11.00,main
ord_211,m_23,1,11.00,main
ord_212,m_30,1,11.00,main
ord_213,m_07,1,11.00,main
ord_214,m_22,1,12.50,main
ord_215,m_29,1,13.00,main
ord_216,m_28,1,12.00,main
ord_217,m_10,1,12.00,main
ord_218,m_07,1,11.00,main
ord_219,m_23,1,11.00,main
ord_220,m_13,1,3.00,main
ord_221,m_28,1,12.00,main
ord_222,m_05,1,12.00,main
ord_223,m_10,1,12.00,main
ord_224,m_28,1,12.00,main
ord_225,m_05,1,12.00,main
ord_226,m_10,1,12.00,main
ord_227,m_28,1,12.00,main
ord_228,m_05,1,12.00,main
ord_229,m_22,1,12.50,main
ord_230,m_10,1,12.00,main
ord_231,m_19,1,12.00,main
ord_232,m_22,1,12.50,main
ord_233,m_10,1,12.00,main
ord_234,m_19,1,12.00,main
ord_235,m_22,1,12.50,main
ord_236,m_23,1,11.00,main
ord_237,m_13,1,3.00,main
ord_238,m_30,1,11.00,main
ord_239,m_23,1,11.00,main
ord_240,m_13,1,3.00,main
ord_241,m_30,1,11.00,main
ord_242,m_23,1,11.00,main
ord_243,m_13,1,3.00,main
ord_244,m_10,1,12.00,main
ord_245,m_27,1,12.50,main
ord_246,m_11,1,13.50,main
ord_247,m_10,1,12.00,main
ord_248,m_27,1,12.50,main
ord_249,m_23,1,11.00,main
ord_250,m_02,1,12.50,main
ord_251,m_18,1,11.50,main
ord_252,m_23,1,11.00,main
ord_253,m_01,1,13.00,main
ord_254,m_11,1,13.50,main
ord_255,m_25,1,13.50,main
ord_256,m_01,1,13.00,main
ord_257,m_11,1,13.50,main
ord_258,m_25,1,13.50,main
ord_259,m_07,1,11.00,main
ord_260,m_10,1,12.00,main
ord_261,m_22,1,12.50,main
ord_262,m_07,1,11.00,main
ord_263,m_10,1,12.00,main
ord_264,m_22,1,12.50,main
ord_265,m_07,1,11.00,main
ord_266,m_10,1,12.00,main
ord_267,m_10,1,12.00,main
ord_268,m_29,1,13.00,main
ord_269,m_22,1,12.50,main
ord_270,m_10,1,12.00,main
ord_271,m_29,1,13.00,main
ord_272,m_22,1,12.50,main
ord_273,m_10,1,12.00,main
ord_274,m_08,1,4.00,main
ord_275,m_13,1,3.00,main
ord_276,m_16,1,2.50,main
ord_277,m_08,1,4.00,main
ord_278,m_13,1,3.00,main
ord_279,m_16,1,2.50,main
ord_280,m_08,1,4.00,main
ord_281,m_13,1,3.00,main
ord_282,m_10,1,12.00,main
ord_283,m_01,1,13.00,main
ord_284,m_25,1,13.50,main
ord_285,m_10,1,12.00,main
ord_286,m_01,1,13.00,main
ord_287,m_25,1,13.50,main
ord_288,m_10,1,12.00,main
ord_289,m_08,1,4.00,main
ord_290,m_16,1,2.50,main
ord_291,m_04,1,3.50,main
ord_292,m_08,1,4.00,main
ord_293,m_16,1,2.50,main
ord_294,m_04,1,3.50,main
ord_295,m_10,1,12.00,main
ord_296,m_28,1,12.00,main
ord_297,m_22,1,12.50,main
ord_298,m_10,1,12.00,main
ord_299,m_28,1,12.00,main
ord_300,m_18,1,11.50,main
ord_301,m_24,1,3.00,main
ord_302,m_13,1,3.00,main
ord_303,m_27,1,12.50,main
ord_304,m_11,1,13.50,main
ord_305,m_23,1,11.00,main
ord_306,m_07,1,11.00,main
ord_307,m_16,1,2.50,main
ord_308,m_23,1,11.00,main
ord_309,m_22,1,12.50,main
ord_310,m_01,1,13.00,main
ord_311,m_07,1,11.00,main
ord_312,m_22,1,12.50,main
ord_313,m_01,1,13.00,main
ord_314,m_07,1,11.00,main
ord_315,m_23,1,11.00,main
ord_316,m_07,1,11.00,main
ord_317,m_26,1,14.00,main
ord_318,m_03,1,14.50,main
ord_319,m_29,1,13.00,main
ord_320,m_26,1,14.00,main
ord_321,m_03,1,14.50,main
ord_322,m_29,1,13.00,main
ord_323,m_07,1,11.00,main
ord_324,m_10,1,12.00,main
ord_325,m_28,1,12.00,main
ord_326,m_22,1,12.50,main
ord_327,m_10,1,12.00,main
ord_328,m_28,1,12.00,main
ord_329,m_22,1,12.50,main
ord_330,m_10,1,12.00,main
ord_331,m_28,1,12.00,main
ord_332,m_08,1,4.00,main
ord_333,m_07,1,11.00,main
ord_334,m_05,1,12.00,main
ord_335,m_08,1,4.00,main
ord_336,m_07,1,11.00,main
ord_337,m_22,1,12.50,main
ord_338,m_05,1,12.00,main
ord_339,m_27,1,12.50,main
ord_340,m_22,1,12.50,main
ord_341,m_05,1,12.00,main
ord_342,m_27,1,12.50,main
ord_343,m_22,1,12.50,main
ord_344,m_13,1,3.00,main
ord_345,m_17,1,13.00,main
ord_346,m_23,1,11.00,main
ord_347,m_13,1,3.00,main
ord_348,m_17,1,13.00,main
ord_349,m_27,1,12.50,main
ord_350,m_28,1,12.00,main
ord_351,m_10,1,12.00,main
ord_352,m_27,1,12.50,main
ord_353,m_28,1,12.00,main
ord_354,m_10,1,12.00,main
ord_355,m_07,1,11.00,main
ord_356,m_02,1,12.50,main
ord_357,m_11,1,13.50,main
ord_358,m_29,1,13.00,main
ord_359,m_03,1,14.50,main
ord_360,m_11,1,13.50,main
ord_361,m_13,1,3.00,main
ord_362,m_10,1,12.00,main
ord_363,m_05,1,12.00,main
ord_364,m_13,1,3.00,main
ord_365,m_10,1,12.00,main
ord_366,m_22,1,12.50,main
ord_367,m_29,1,13.00,main
ord_368,m_26,1,14.00,main
ord_369,m_22,1,12.50,main
ord_370,m_29,1,13.00,main
ord_371,m_26,1,14.00,main
ord_372,m_22,1,12.50,main
ord_373,m_24,1,3.00,main
ord_374,m_05,1,12.00,main
ord_375,m_22,1,12.50,main
ord_376,m_07,1,11.00,main
ord_377,m_05,1,12.00,main
ord_378,m_22,1,12.50,main
ord_379,m_07,1,11.00,main
ord_380,m_05,1,12.00,main
ord_381,m_10,1,12.00,main
ord_382,m_05,1,12.00,main
ord_383,m_28,1,12.00,main
ord_384,m_10,1,12.00,main
ord_385,m_05,1,12.00,main
ord_386,m_28,1,12.00,main
ord_387,m_10,1,12.00,main
ord_388,m_22,1,12.50,main
ord_389,m_01,1,13.00,main
ord_390,m_27,1,12.50,main
ord_391,m_22,1,12.50,main
ord_392,m_01,1,13.00,main
ord_393,m_27,1,12.50,main
ord_394,m_22,1,12.50,main
ord_395,m_01,1,13.00,main
ord_396,m_24,1,3.00,main
ord_397,m_18,1,11.50,main
ord_398,m_11,1,13.50,main
ord_399,m_27,1,12.50,main
ord_400,m_22,1,12.50,main
ord_401,m_11,1,13.50,main
ord_402,m_27,1,12.50,main
ord_403,m_22,1,12.50,main
ord_404,m_11,1,13.50,main
ord_405,m_27,1,12.50,main
ord_406,m_13,1,3.00,main
ord_407,m_24,1,3.00,main
ord_408,m_23,1,11.00,main
ord_409,m_13,1,3.00,main
ord_410,m_01,1,13.00,main
ord_411,m_27,1,12.50,main
ord_412,m_10,1,12.00,main
ord_413,m_05,1,12.00,main
ord_414,m_28,1,12.00,main
ord_415,m_10,1,12.00,main
ord_416,m_05,1,12.00,main
ord_417,m_28,1,12.00,main
ord_418,m_10,1,12.00,main
ord_419,m_03,1,14.50,main
ord_420,m_28,1,12.00,main
ord_421,m_25,1,13.50,main
ord_422,m_03,1,14.50,main
ord_423,m_28,1,12.00,main
ord_424,m_25,1,13.50,main
ord_425,m_03,1,14.50,main
ord_426,m_24,1,3.00,main
ord_427,m_08,1,4.00,main
ord_428,m_16,1,2.50,main
ord_429,m_24,1,3.00,main
ord_430,m_08,1,4.00,main
ord_431,m_23,1,11.00,main
ord_432,m_05,1,12.00,main
ord_433,m_10,1,12.00,main
ord_434,m_23,1,11.00,main
ord_435,m_05,1,12.00,main
ord_436,m_28,1,12.00,main
ord_437,m_10,1,12.00,main
ord_438,m_05,1,12.00,main
ord_439,m_28,1,12.00,main
ord_440,m_11,1,13.50,main
ord_441,m_03,1,14.50,main
ord_442,m_10,1,12.00,main
ord_443,m_11,1,13.50,main
ord_444,m_03,1,14.50,main
ord_445,m_10,1,12.00,main
ord_446,m_11,1,13.50,main
ord_447,m_13,1,3.00,main
ord_448,m_23,1,11.00,main
ord_449,m_30,1,11.00,main
ord_450,m_13,1,3.00,main
ord_451,m_27,1,12.50,main
ord_452,m_01,1,13.00,main
ord_453,m_22,1,12.50,main
ord_454,m_27,1,12.50,main
ord_455,m_01,1,13.00,main
ord_456,m_22,1,12.50,main
ord_457,m_07,1,11.00,main
ord_458,m_13,1,3.00,main
ord_459,m_03,1,14.50,main
ord_460,m_11,1,13.50,main
ord_461,m_29,1,13.00,main
ord_462,m_22,1,12.50,main
ord_463,m_28,1,12.00,main
ord_464,m_05,1,12.00,main
ord_465,m_29,1,13.00,main
ord_466,m_26,1,14.00,main
ord_467,m_07,1,11.00,main
ord_468,m_22,1,12.50,main
ord_469,m_05,1,12.00,main
ord_470,m_10,1,12.00,main
ord_471,m_22,1,12.50,main
ord_472,m_05,1,12.00,main
ord_473,m_10,1,12.00,main
ord_474,m_24,1,3.00,main
ord_475,m_10,1,12.00,main
ord_476,m_09,1,3.50,main
ord_477,m_24,1,3.00,main
ord_478,m_10,1,12.00,main
ord_479,m_09,1,3.50,main
ord_480,m_24,1,3.00,main
ord_481,m_11,1,13.50,main
ord_482,m_22,1,12.50,main
ord_483,m_01,1,13.00,main
ord_484,m_11,1,13.50,main
ord_485,m_22,1,12.50,main
ord_486,m_01,1,13.00,main
ord_487,m_13,1,3.00,main
ord_488,m_23,1,11.00,main
ord_489,m_30,1,11.00,main
ord_490,m_13,1,3.00,main
ord_491,m_23,1,11.00,main
ord_492,m_30,1,11.00,main
ord_493,m_13,1,3.00,main
ord_494,m_27,1,12.50,main
ord_495,m_01,1,13.00,main
ord_496,m_05,1,12.00,main
ord_497,m_27,1,12.50,main
ord_498,m_01,1,13.00,main
ord_499,m_05,1,12.00,main
ord_500,m_27,1,12.50,main
ord_501,m_07,1,11.00,main
ord_502,m_11,1,13.50,main
ord_503,m_22,1,12.50,main
ord_504,m_03,1,14.50,main
ord_505,m_11,1,13.50,main
ord_506,m_22,1,12.50,main
ord_507,m_03,1,14.50,main
ord_508,m_11,1,13.50,main
ord_509,m_22,1,12.50,main
ord_510,m_23,1,11.00,main
ord_511,m_10,1,12.00,main
ord_512,m_07,1,11.00,main
ord_513,m_23,1,11.00,main
ord_514,m_10,1,12.00,main
ord_515,m_07,1,11.00,main
ord_516,m_23,1,11.00,main
ord_517,m_03,1,14.50,main
ord_518,m_22,1,12.50,main
ord_519,m_26,1,14.00,main
ord_520,m_03,1,14.50,main
ord_521,m_22,1,12.50,main
ord_522,m_26,1,14.00,main
ord_523,m_08,1,4.00,main
ord_524,m_24,1,3.00,main
ord_525,m_13,1,3.00,main
ord_526,m_08,1,4.00,main
ord_527,m_24,1,3.00,main
ord_528,m_13,1,3.00,main
ord_529,m_29,1,13.00,main
ord_530,m_23,1,11.00,main
ord_531,m_05,1,12.00,main
ord_532,m_29,1,13.00,main
ord_533,m_23,1,11.00,main
ord_534,m_05,1,12.00,main
ord_535,m_29,1,13.00,main
ord_536,m_23,1,11.00,main
ord_537,m_08,1,4.00,main
ord_538,m_10,1,12.00,main
ord_539,m_23,1,11.00,main
ord_540,m_05,1,12.00,main
ord_541,m_28,1,12.00,main
ord_542,m_10,1,12.00,main
ord_543,m_05,1,12.00,main
ord_544,m_28,1,12.00,main
ord_545,m_10,1,12.00,main
ord_546,m_05,1,12.00,main
ord_547,m_28,1,12.00,main
ord_548,m_07,1,11.00,main
ord_549,m_30,1,11.00,main
ord_550,m_27,1,12.50,main
ord_551,m_23,1,11.00,main
ord_552,m_13,1,3.00,main
ord_553,m_07,1,11.00,main
ord_554,m_23,1,11.00,main
ord_555,m_13,1,3.00,main
ord_556,m_10,1,12.00,main
ord_557,m_22,1,12.50,main
ord_558,m_11,1,13.50,main
ord_559,m_10,1,12.00,main
ord_560,m_22,1,12.50,main
ord_561,m_05,1,12.00,main
ord_562,m_03,1,14.50,main
ord_563,m_29,1,13.00,main
ord_564,m_26,1,14.00,main
ord_565,m_03,1,14.50,main
ord_566,m_29,1,13.00,main
ord_567,m_08,1,4.00,main
ord_568,m_09,1,3.50,main
ord_569,m_28,1,12.00,main
ord_570,m_08,1,4.00,main
ord_571,m_09,1,3.50,main
ord_572,m_28,1,12.00,main
ord_573,m_10,1,12.00,main
ord_574,m_28,1,12.00,main
ord_575,m_07,1,11.00,main
ord_576,m_28,1,12.00,main
ord_577,m_10,1,12.00,main
ord_578,m_01,1,13.00,main
ord_579,m_05,1,12.00,main
ord_580,m_22,1,12.50,main
ord_581,m_01,1,13.00,main
ord_582,m_05,1,12.00,main
ord_583,m_22,1,12.50,main
ord_584,m_13,1,3.00,main
ord_585,m_16,1,2.50,main
ord_586,m_30,1,11.00,main
ord_587,m_13,1,3.00,main
ord_588,m_16,1,2.50,main
ord_589,m_27,1,12.50,main
ord_590,m_28,1,12.00,main
ord_591,m_22,1,12.50,main
ord_592,m_27,1,12.50,main
ord_593,m_28,1,12.00,main
ord_594,m_22,1,12.50,main
ord_595,m_27,1,12.50,main
ord_596,m_28,1,12.00,main
ord_597,m_13,1,3.00,main
ord_598,m_24,1,3.00,main
ord_599,m_10,1,12.00,main
ord_600,m_28,1,12.00,main
ord_601,m_23,1,11.00,main
ord_602,m_10,1,12.00,main
ord_603,m_28,1,12.00,main
ord_604,m_05,1,12.00,main
ord_605,m_22,1,12.50,main
ord_606,m_14,1,12.50,main
ord_607,m_29,1,13.00,main
ord_608,m_03,1,14.50,main
ord_609,m_11,1,13.50,main
ord_610,m_29,1,13.00,main
ord_611,m_03,1,14.50,main
ord_612,m_11,1,13.50,main
ord_613,m_10,1,12.00,main
ord_614,m_05,1,12.00,main
ord_615,m_23,1,11.00,main
ord_616,m_05,1,12.00,main
ord_617,m_14,1,12.50,main
ord_618,m_23,1,11.00,main
ord_619,m_05,1,12.00,main
ord_620,m_14,1,12.50,main
ord_621,m_23,1,11.00,main
ord_622,m_05,1,12.00,main
ord_623,m_22,1,12.50,main
ord_624,m_10,1,12.00,main
ord_625,m_05,1,12.00,main
ord_626,m_22,1,12.50,main
ord_627,m_29,1,13.00,main
ord_628,m_10,1,12.00,main
ord_629,m_05,1,12.00,main
ord_630,m_29,1,13.00,main
ord_631,m_13,1,3.00,main
ord_632,m_16,1,2.50,main
ord_633,m_27,1,12.50,main
ord_634,m_02,1,12.50,main
ord_635,m_08,1,4.00,main
ord_636,m_10,1,12.00,main
ord_637,m_07,1,11.00,main
ord_638,m_22,1,12.50,main
ord_639,m_10,1,12.00,main
ord_640,m_07,1,11.00,main
ord_641,m_22,1,12.50,main
ord_642,m_28,1,12.00,main
ord_643,m_10,1,12.00,main
ord_644,m_19,1,12.00,main
ord_645,m_28,1,12.00,main
ord_646,m_10,1,12.00,main
ord_647,m_19,1,12.00,main
ord_648,m_28,1,12.00,main
ord_649,m_29,1,13.00,main
ord_650,m_26,1,14.00,main
ord_651,m_11,1,13.50,main
ord_652,m_07,1,11.00,main
ord_653,m_28,1,12.00,main
ord_654,m_08,1,4.00,main
ord_655,m_07,1,11.00,main
ord_656,m_28,1,12.00,main
ord_657,m_08,1,4.00,main
ord_658,m_07,1,11.00,main
ord_659,m_28,1,12.00,main
ord_660,m_13,1,3.00,main
ord_661,m_23,1,11.00,main
ord_662,m_08,1,4.00,main
ord_663,m_13,1,3.00,main
ord_664,m_23,1,11.00,main
ord_665,m_08,1,4.00,main
ord_666,m_13,1,3.00,main
ord_667,m_12,1,3.50,main
ord_668,m_10,1,12.00,main
ord_669,m_25,1,13.50,main
ord_670,m_30,1,11.00,main
ord_671,m_13,1,3.00,main
ord_672,m_27,1,12.50,main
ord_673,m_28,1,12.00,main
ord_674,m_05,1,12.00,main
ord_675,m_27,1,12.50,main
ord_676,m_23,1,11.00,main
ord_677,m_07,1,11.00,main
ord_678,m_11,1,13.50,main
ord_679,m_27,1,12.50,main
ord_680,m_29,1,13.00,main
ord_681,m_11,1,13.50,main
ord_682,m_27,1,12.50,main
ord_683,m_29,1,13.00,main
ord_684,m_11,1,13.50,main
ord_685,m_27,1,12.50,main
ord_686,m_14,1,12.50,main
ord_687,m_05,1,12.00,main
ord_688,m_11,1,13.50,main
ord_689,m_10,1,12.00,main
ord_690,m_13,1,3.00,main
ord_691,m_29,1,13.00,main
ord_692,m_10,1,12.00,main
ord_693,m_07,1,11.00,main
ord_694,m_08,1,4.00,main
ord_695,m_23,1,11.00,main
ord_696,m_30,1,11.00,main
ord_697,m_08,1,4.00,main
ord_698,m_23,1,11.00,main
ord_699,m_28,1,12.00,main
ord_700,m_22,1,12.50,main
ord_701,m_25,1,13.50,main
ord_702,m_13,1,3.00,main
ord_703,m_24,1,3.00,main
ord_704,m_30,1,11.00,main
ord_705,m_13,1,3.00,main
ord_706,m_23,1,11.00,main
ord_707,m_23,1,11.00,main
ord_708,m_28,1,12.00,main
ord_709,m_05,1,12.00,main
ord_710,m_07,1,11.00,main
ord_711,m_10,1,12.00,main
ord_712,m_08,1,4.00,main
ord_713,m_30,1,11.00,main
ord_714,m_10,1,12.00,main
ord_715,m_08,1,4.00,main
ord_716,m_30,1,11.00,main
ord_717,m_10,1,12.00,main
ord_718,m_08,1,4.00,main
ord_719,m_11,1,13.50,main
ord_720,m_10,1,12.00,main
ord_721,m_05,1,12.00,main
ord_722,m_11,1,13.50,main
ord_723,m_10,1,12.00,main
ord_724,m_05,1,12.00,main
ord_725,m_11,1,13.50,main
ord_726,m_10,1,12.00,main
ord_727,m_22,1,12.50,main
ord_728,m_29,1,13.00,main
ord_729,m_28,1,12.00,main
ord_730,m_16,1,2.50,main
ord_731,m_13,1,3.00,main
ord_732,m_24,1,3.00,main
ord_733,m_16,1,2.50,main
ord_734,m_13,1,3.00,main
ord_735,m_24,1,3.00,main
ord_736,m_16,1,2.50,main
ord_737,m_28,1,12.00,main
ord_738,m_10,1,12.00,main
ord_739,m_05,1,12.00,main
ord_740,m_28,1,12.00,main
ord_741,m_10,1,12.00,main
ord_742,m_13,1,3.00,main
ord_743,m_24,1,3.00,main
ord_744,m_11,1,13.50,main
ord_745,m_23,1,11.00,main
ord_746,m_02,1,12.50,main
ord_747,m_24,1,3.00,main
ord_748,m_23,1,11.00,main
ord_749,m_02,1,12.50,main
ord_750,m_24,1,3.00,main
ord_751,m_22,1,12.50,main
ord_752,m_29,1,13.00,main
ord_753,m_02,1,12.50,main
ord_754,m_05,1,12.00,main
ord_755,m_25,1,13.50,main
ord_756,m_22,1,12.50,main
ord_757,m_05,1,12.00,main
ord_758,m_25,1,13.50,main
ord_759,m_22,1,12.50,main
ord_760,m_05,1,12.00,main
ord_761,m_29,1,13.00,main
ord_762,m_10,1,12.00,main
ord_763,m_22,1,12.50,main
ord_764,m_29,1,13.00,main
ord_765,m_10,1,12.00,main
ord_766,m_13,1,3.00,main
ord_767,m_08,1,4.00,main
ord_768,m_12,1,3.50,main
ord_769,m_13,1,3.00,main
ord_770,m_08,1,4.00,main
ord_771,m_22,1,12.50,main
ord_772,m_05,1,12.00,main
ord_773,m_28,1,12.00,main
ord_774,m_22,1,12.50,main
ord_775,m_05,1,12.00,main
ord_776,m_28,1,12.00,main
ord_777,m_10,1,12.00,main
ord_778,m_22,1,12.50,main
ord_779,m_05,1,12.00,main
ord_780,m_10,1,12.00,main
ord_781,m_22,1,12.50,main
ord_782,m_05,1,12.00,main
ord_783,m_11,1,13.50,main
ord_784,m_25,1,13.50,main
ord_785,m_01,1,13.00,main
ord_786,m_11,1,13.50,main
ord_787,m_13,1,3.00,main
ord_788,m_23,1,11.00,main
ord_789,m_28,1,12.00,main
ord_790,m_22,1,12.50,main
ord_791,m_27,1,12.50,main
ord_792,m_28,1,12.00,main
ord_793,m_22,1,12.50,main
ord_794,m_27,1,12.50,main
ord_795,m_28,1,12.00,main
ord_796,m_02,1,12.50,main
ord_797,m_07,1,11.00,main
ord_798,m_05,1,12.00,main
ord_799,m_22,1,12.50,main
ord_800,m_23,1,11.00,main
ord_801,m_05,1,12.00,main
ord_802,m_22,1,12.50,main
ord_803,m_23,1,11.00,main
ord_804,m_13,1,3.00,main
ord_805,m_12,1,3.50,main
ord_806,m_30,1,11.00,main
ord_807,m_13,1,3.00,main
ord_808,m_12,1,3.50,main
ord_809,m_30,1,11.00,main
ord_810,m_13,1,3.00,main
ord_811,m_12,1,3.50,main
ord_812,m_29,1,13.00,main
ord_813,m_05,1,12.00,main
ord_814,m_26,1,14.00,main
ord_815,m_29,1,13.00,main
ord_816,m_05,1,12.00,main
ord_817,m_26,1,14.00,main
ord_818,m_29,1,13.00,main
ord_819,m_05,1,12.00,main
ord_820,m_05,1,12.00,main
ord_821,m_10,1,12.00,main
ord_822,m_28,1,12.00,main
ord_823,m_05,1,12.00,main
ord_824,m_10,1,12.00,main
ord_825,m_28,1,12.00,main
ord_826,m_10,1,12.00,main
ord_827,m_23,1,11.00,main
ord_828,m_28,1,12.00,main
ord_829,m_10,1,12.00,main
ord_830,m_23,1,11.00,main
ord_831,m_28,1,12.00,main
ord_832,m_10,1,12.00,main
ord_833,m_22,1,12.50,main
ord_834,m_05,1,12.00,main
ord_835,m_10,1,12.00,main
ord_836,m_22,1,12.50,main
ord_837,m_05,1,12.00,main
ord_838,m_10,1,12.00,main
ord_839,m_22,1,12.50,main
ord_840,m_05,1,12.00,main
ord_841,m_10,1,12.00,main
ord_842,m_29,1,13.00,main
ord_843,m_16,1,2.50,main
ord_844,m_13,1,3.00,main
ord_845,m_18,1,11.50,main
ord_846,m_16,1,2.50,main
ord_847,m_13,1,3.00,main
ord_848,m_18,1,11.50,main
ord_849,m_10,1,12.00,main
ord_850,m_27,1,12.50,main
ord_851,m_22,1,12.50,main
ord_852,m_10,1,12.00,main
ord_853,m_27,1,12.50,main
ord_854,m_22,1,12.50,main
ord_855,m_13,1,3.00,main
ord_856,m_24,1,3.00,main
ord_857,m_11,1,13.50,main
ord_858,m_01,1,13.00,main
ord_859,m_29,1,13.00,main
ord_860,m_11,1,13.50,main
ord_861,m_01,1,13.00,main
ord_862,m_29,1,13.00,main
ord_863,m_28,1,12.00,main
ord_864,m_19,1,12.00,main
ord_865,m_05,1,12.00,main
ord_866,m_28,1,12.00,main
ord_867,m_19,1,12.00,main
ord_868,m_11,1,13.50,main
ord_869,m_22,1,12.50,main
ord_870,m_28,1,12.00,main
ord_871,m_11,1,13.50,main
ord_872,m_22,1,12.50,main
ord_873,m_28,1,12.00,main
ord_874,m_11,1,13.50,main
ord_875,m_23,1,11.00,main
ord_876,m_07,1,11.00,main
ord_877,m_28,1,12.00,main
ord_878,m_23,1,11.00,main
ord_879,m_10,1,12.00,main
ord_880,m_28,1,12.00,main
ord_881,m_28,1,12.00,main
ord_882,m_07,1,11.00,main
ord_883,m_28,1,12.00,main
ord_884,m_05,1,12.00,main
ord_885,m_03,1,14.50,main
ord_886,m_28,1,12.00,main
ord_887,m_05,1,12.00,main
ord_888,m_03,1,14.50,main
ord_889,m_28,1,12.00,main
ord_890,m_05,1,12.00,main
ord_891,m_13,1,3.00,main
ord_892,m_30,1,11.00,main
ord_893,m_27,1,12.50,main
ord_894,m_01,1,13.00,main
ord_895,m_03,1,14.50,main
ord_896,m_27,1,12.50,main
ord_897,m_13,1,3.00,main
ord_898,m_11,1,13.50,main
ord_899,m_01,1,13.00,main
ord_900,m_25,1,13.50,main
ord_901,m_11,1,13.50,main
ord_902,m_01,1,13.00,main
ord_903,m_25,1,13.50,main
ord_904,m_19,1,12.00,main
ord_905,m_10,1,12.00,main
ord_906,m_21,1,13.00,main
ord_907,m_19,1,12.00,main
ord_908,m_10,1,12.00,main
ord_909,m_05,1,12.00,main
ord_910,m_22,1,12.50,main
ord_911,m_01,1,13.00,main
ord_912,m_05,1,12.00,main
ord_913,m_22,1,12.50,main
ord_914,m_01,1,13.00,main
ord_915,m_28,1,12.00,main
ord_916,m_05,1,12.00,main
ord_917,m_10,1,12.00,main
ord_918,m_28,1,12.00,main
ord_919,m_05,1,12.00,main
ord_920,m_07,1,11.00,main
ord_921,m_13,1,3.00,main
ord_922,m_08,1,4.00,main
ord_923,m_12,1,3.50,main
ord_924,m_13,1,3.00,main
ord_925,m_08,1,4.00,main
ord_926,m_12,1,3.50,main
ord_927,m_13,1,3.00,main
ord_928,m_01,1,13.00,main
ord_929,m_22,1,12.50,main
ord_930,m_13,1,3.00,main
ord_931,m_23,1,11.00,main
ord_932,m_24,1,3.00,main
ord_933,m_13,1,3.00,main
ord_934,m_23,1,11.00,main
ord_935,m_24,1,3.00,main
ord_936,m_13,1,3.00,main
ord_937,m_27,1,12.50,main
ord_938,m_01,1,13.00,main
ord_939,m_11,1,13.50,main
ord_940,m_27,1,12.50,main
ord_941,m_01,1,13.00,main
ord_942,m_23,1,11.00,main
ord_943,m_02,1,12.50,main
ord_944,m_13,1,3.00,main
ord_945,m_11,1,13.50,main
ord_946,m_05,1,12.00,main
ord_947,m_25,1,13.50,main
ord_948,m_11,1,13.50,main
ord_949,m_05,1,12.00,main
ord_950,m_25,1,13.50,main
ord_951,m_28,1,12.00,main
ord_952,m_10,1,12.00,main
ord_953,m_05,1,12.00,main
ord_954,m_28,1,12.00,main
ord_955,m_11,1,13.50,main
ord_956,m_22,1,12.50,main
ord_957,m_24,1,3.00,main
ord_958,m_16,1,2.50,main
ord_959,m_08,1,4.00,main
ord_960,m_24,1,3.00,main
ord_961,m_16,1,2.50,main
ord_962,m_08,1,4.00,main
ord_963,m_10,1,12.00,main
ord_964,m_22,1,12.50,main
ord_965,m_05,1,12.00,main
ord_966,m_10,1,12.00,main
ord_967,m_22,1,12.50,main
ord_968,m_05,1,12.00,main
ord_969,m_10,1,12.00,main
ord_970,m_11,1,13.50,main
ord_971,m_01,1,13.00,main
ord_972,m_29,1,13.00,main
ord_973,m_07,1,11.00,main
ord_974,m_13,1,3.00,main
ord_975,m_24,1,3.00,main
ord_976,m_07,1,11.00,main
ord_977,m_13,1,3.00,main
ord_978,m_24,1,3.00,main
ord_979,m_01,1,13.00,main
ord_980,m_10,1,12.00,main
ord_981,m_27,1,12.50,main
ord_982,m_01,1,13.00,main
ord_983,m_10,1,12.00,main
ord_984,m_27,1,12.50,main
ord_985,m_01,1,13.00,main
ord_986,m_10,1,12.00,main
ord_987,m_24,1,3.00,main
ord_988,m_16,1,2.50,main
ord_989,m_13,1,3.00,main
ord_990,m_24,1,3.00,main
ord_991,m_16,1,2.50,main
ord_992,m_13,1,3.00,main
ord_993,m_22,1,12.50,main
ord_994,m_11,1,13.50,main
ord_995,m_03,1,14.50,main
ord_996,m_22,1,12.50,main
ord_997,m_11,1,13.50,main
ord_998,m_03,1,14.50,main
ord_999,m_05,1,12.00,main
ord_1000,m_10,1,12.00,main
ord_1001,m_28,1,12.00,main
ord_1002,m_10,1,12.00,main
ord_1003,m_26,1,14.00,main
ord_1004,m_29,1,13.00,main
ord_1005,m_10,1,12.00,main
ord_1006,m_26,1,14.00,main
ord_1007,m_07,1,11.00,main
ord_1008,m_24,1,3.00,main
ord_1009,m_23,1,11.00,main
ord_1010,m_07,1,11.00,main
ord_1011,m_24,1,3.00,main
ord_1012,m_23,1,11.00,main
ord_1013,m_07,1,11.00,main
ord_1014,m_24,1,3.00,main
ord_1015,m_10,1,12.00,main
ord_1016,m_05,1,12.00,main
ord_1017,m_22,1,12.50,main
ord_1018,m_10,1,12.00,main
ord_1019,m_05,1,12.00,main
ord_1020,m_22,1,12.50,main
ord_1021,m_10,1,12.00,main
ord_1022,m_10,1,12.00,main
ord_1023,m_22,1,12.50,main
ord_1024,m_01,1,13.00,main
ord_1025,m_10,1,12.00,main
ord_1026,m_22,1,12.50,main
ord_1027,m_16,1,2.50,main
ord_1028,m_18,1,11.50,main
ord_1029,m_24,1,3.00,main
ord_1030,m_16,1,2.50,main
ord_1031,m_27,1,12.50,main
ord_1032,m_10,1,12.00,main
ord_1033,m_29,1,13.00,main
ord_1034,m_27,1,12.50,main
ord_1035,m_10,1,12.00,main
ord_1036,m_29,1,13.00,main
ord_1037,m_27,1,12.50,main
ord_1038,m_10,1,12.00,main
ord_1039,m_24,1,3.00,main
ord_1040,m_16,1,2.50,main
ord_1041,m_09,1,3.50,main
ord_1042,m_24,1,3.00,main
ord_1043,m_16,1,2.50,main
ord_1044,m_07,1,11.00,main
ord_1045,m_25,1,13.50,main
ord_1046,m_01,1,13.00,main
ord_1047,m_07,1,11.00,main
ord_1048,m_25,1,13.50,main
ord_1049,m_28,1,12.00,main
ord_1050,m_19,1,12.00,main
ord_1051,m_23,1,11.00,main
ord_1052,m_28,1,12.00,main
ord_1053,m_19,1,12.00,main
ord_1054,m_23,1,11.00,main
ord_1055,m_28,1,12.00,main
ord_1056,m_19,1,12.00,main
ord_1057,m_22,1,12.50,main
ord_1058,m_11,1,13.50,main
ord_1059,m_29,1,13.00,main
ord_1060,m_22,1,12.50,main
ord_1061,m_11,1,13.50,main
ord_1062,m_29,1,13.00,main
ord_1063,m_22,1,12.50,main
ord_1064,m_11,1,13.50,main
ord_1065,m_07,1,11.00,main
ord_1066,m_13,1,3.00,main
ord_1067,m_10,1,12.00,main
ord_1068,m_07,1,11.00,main
ord_1069,m_13,1,3.00,main
ord_1070,m_10,1,12.00,main
ord_1071,m_07,1,11.00,main
ord_1072,m_23,1,11.00,main
ord_1073,m_22,1,12.50,main
ord_1074,m_05,1,12.00,main
ord_1075,m_23,1,11.00,main
ord_1076,m_22,1,12.50,main
ord_1077,m_05,1,12.00,main
ord_1078,m_23,1,11.00,main
ord_1079,m_22,1,12.50,main
ord_1080,m_07,1,11.00,main
ord_1081,m_13,1,3.00,main
ord_1082,m_08,1,4.00,main
ord_1083,m_07,1,11.00,main
ord_1084,m_13,1,3.00,main
ord_1085,m_28,1,12.00,main
ord_1086,m_10,1,12.00,main
ord_1087,m_05,1,12.00,main
ord_1088,m_28,1,12.00,main
ord_1089,m_10,1,12.00,main
ord_1090,m_13,1,3.00,main
ord_1091,m_02,1,12.50,main
ord_1092,m_24,1,3.00,main
ord_1093,m_13,1,3.00,main
ord_1094,m_02,1,12.50,main
ord_1095,m_24,1,3.00,main
ord_1096,m_27,1,12.50,main
ord_1097,m_11,1,13.50,main
ord_1098,m_10,1,12.00,main
ord_1099,m_27,1,12.50,main
ord_1100,m_13,1,3.00,main
ord_1101,m_23,1,11.00,main
ord_1102,m_24,1,3.00,main
ord_1103,m_13,1,3.00,main
ord_1104,m_23,1,11.00,main
ord_1105,m_24,1,3.00,main
ord_1106,m_05,1,12.00,main
ord_1107,m_23,1,11.00,main
ord_1108,m_13,1,3.00,main
ord_1109,m_29,1,13.00,main
ord_1110,m_11,1,13.50,main
ord_1111,m_22,1,12.50,main
ord_1112,m_27,1,12.50,main
ord_1113,m_05,1,12.00,main
ord_1114,m_22,1,12.50,main
ord_1115,m_13,1,3.00,main
ord_1116,m_16,1,2.50,main
ord_1117,m_23,1,11.00,main
ord_1118,m_05,1,12.00,main
ord_1119,m_28,1,12.00,main
ord_1120,m_10,1,12.00,main
ord_1121,m_05,1,12.00,main
ord_1122,m_28,1,12.00,main
ord_1123,m_10,1,12.00,main
ord_1124,m_05,1,12.00,main
ord_1125,m_22,1,12.50,main
ord_1126,m_05,1,12.00,main
ord_1127,m_29,1,13.00,main
ord_1128,m_22,1,12.50,main
ord_1129,m_05,1,12.00,main
ord_1130,m_29,1,13.00,main
ord_1131,m_22,1,12.50,main
ord_1132,m_05,1,12.00,main
ord_1133,m_23,1,11.00,main
ord_1134,m_07,1,11.00,main
ord_1135,m_13,1,3.00,main
ord_1136,m_23,1,11.00,main
ord_1137,m_07,1,11.00,main
ord_1138,m_13,1,3.00,main
ord_1139,m_23,1,11.00,main
ord_1140,m_07,1,11.00,main
ord_1141,m_27,1,12.50,main
ord_1142,m_10,1,12.00,main
ord_1143,m_07,1,11.00,main
ord_1144,m_16,1,2.50,main
ord_1145,m_18,1,11.50,main
ord_1146,m_27,1,12.50,main
ord_1147,m_11,1,13.50,main
ord_1148,m_28,1,12.00,main
ord_1149,m_28,1,12.00,main
ord_1150,m_11,1,13.50,main
ord_1151,m_29,1,13.00,main
ord_1152,m_10,1,12.00,main
ord_1153,m_11,1,13.50,main
ord_1154,m_23,1,11.00,main
ord_1155,m_05,1,12.00,main
ord_1156,m_10,1,12.00,main
ord_1157,m_28,1,12.00,main
ord_1158,m_05,1,12.00,main
ord_1159,m_10,1,12.00,main
ord_1160,m_05,1,12.00,main
ord_1161,m_28,1,12.00,main
ord_1162,m_10,1,12.00,main
ord_1163,m_05,1,12.00,main
ord_1164,m_22,1,12.50,main
ord_1165,m_01,1,13.00,main
ord_1166,m_05,1,12.00,main
ord_1167,m_16,1,2.50,main
ord_1168,m_02,1,12.50,main
ord_1169,m_09,1,3.50,main
ord_1170,m_16,1,2.50,main
ord_1171,m_02,1,12.50,main
ord_1172,m_09,1,3.50,main
ord_1173,m_16,1,2.50,main
ord_1174,m_05,1,12.00,main
ord_1175,m_10,1,12.00,main
ord_1176,m_28,1,12.00,main
ord_1177,m_16,1,2.50,main
ord_1178,m_23,1,11.00,main
ord_1179,m_13,1,3.00,main
ord_1180,m_16,1,2.50,main
ord_1181,m_29,1,13.00,main
ord_1182,m_11,1,13.50,main
ord_1183,m_05,1,12.00,main
ord_1184,m_29,1,13.00,main
ord_1185,m_11,1,13.50,main
ord_1186,m_19,1,12.00,main
ord_1187,m_28,1,12.00,main
ord_1188,m_10,1,12.00,main
ord_1189,m_19,1,12.00,main
ord_1190,m_28,1,12.00,main
ord_1191,m_29,1,13.00,main
ord_1192,m_28,1,12.00,main
ord_1193,m_22,1,12.50,main
ord_1194,m_29,1,13.00,main
ord_1195,m_28,1,12.00,main
ord_1196,m_22,1,12.50,main
ord_1197,m_29,1,13.00,main
ord_1198,m_28,1,12.00,main
ord_1199,m_28,1,12.00,main
ord_1200,m_07,1,11.00,main
ord_1201,m_30,1,11.00,main
ord_1202,m_28,1,12.00,main
ord_1203,m_07,1,11.00,main
ord_1204,m_13,1,3.00,main
ord_1205,m_30,1,11.00,main
ord_1206,m_07,1,11.00,main
ord_1207,m_13,1,3.00,main
ord_1208,m_13,1,3.00,main
ord_1209,m_22,1,12.50,main
ord_1210,m_28,1,12.00,main
ord_1211,m_10,1,12.00,main
ord_1212,m_22,1,12.50,main
ord_1213,m_28,1,12.00,main
ord_1214,m_23,1,11.00,main
ord_1215,m_13,1,3.00,main
ord_1216,m_16,1,2.50,main
ord_1217,m_23,1,11.00,main
ord_1218,m_13,1,3.00,main
ord_1219,m_11,1,13.50,main
ord_1220,m_01,1,13.00,main
ord_1221,m_25,1,13.50,main
ord_1222,m_11,1,13.50,main
ord_1223,m_13,1,3.00,main
ord_1224,m_16,1,2.50,main
ord_1225,m_23,1,11.00,main
ord_1226,m_22,1,12.50,main
ord_1227,m_29,1,13.00,main
ord_1228,m_28,1,12.00,main
ord_1229,m_22,1,12.50,main
ord_1230,m_29,1,13.00,main
ord_1231,m_23,1,11.00,main
ord_1232,m_16,1,2.50,main
ord_1233,m_24,1,3.00,main
ord_1234,m_23,1,11.00,main
ord_1235,m_16,1,2.50,main
ord_1236,m_24,1,3.00,main
ord_1237,m_23,1,11.00,main
ord_1238,m_16,1,2.50,main
ord_1239,m_26,1,14.00,main
ord_1240,m_28,1,12.00,main
ord_1241,m_22,1,12.50,main
ord_1242,m_26,1,14.00,main
ord_1243,m_28,1,12.00,main
ord_1244,m_07,1,11.00,main
ord_1245,m_13,1,3.00,main
ord_1246,m_23,1,11.00,main
ord_1247,m_07,1,11.00,main
ord_1248,m_13,1,3.00,main
ord_1249,m_23,1,11.00,main
ord_1250,m_07,1,11.00,main
ord_1251,m_22,1,12.50,main
ord_1252,m_05,1,12.00,main
ord_1253,m_28,1,12.00,main
ord_1254,m_22,1,12.50,main
ord_1255,m_05,1,12.00,main
ord_1256,m_28,1,12.00,main
ord_1257,m_22,1,12.50,main
ord_1258,m_22,1,12.50,main
ord_1259,m_10,1,12.00,main
ord_1260,m_05,1,12.00,main
ord_1261,m_22,1,12.50,main
ord_1262,m_22,1,12.50,main
ord_1263,m_01,1,13.00,main
ord_1264,m_10,1,12.00,main
ord_1265,m_22,1,12.50,main
ord_1266,m_24,1,3.00,main
ord_1267,m_13,1,3.00,main
ord_1268,m_22,1,12.50,main
ord_1269,m_24,1,3.00,main
ord_1270,m_13,1,3.00,main
ord_1271,m_22,1,12.50,main
ord_1272,m_08,1,4.00,main
ord_1273,m_23,1,11.00,main
ord_1274,m_28,1,12.00,main
ord_1275,m_08,1,4.00,main
ord_1276,m_23,1,11.00,main
ord_1277,m_28,1,12.00,main
ord_1278,m_16,1,2.50,main
ord_1279,m_24,1,3.00,main
ord_1280,m_13,1,3.00,main
ord_1281,m_16,1,2.50,main
ord_1282,m_24,1,3.00,main
ord_1283,m_13,1,3.00,main
ord_1284,m_16,1,2.50,main
ord_1285,m_24,1,3.00,main
ord_1286,m_01,1,13.00,main
ord_1287,m_10,1,12.00,main
ord_1288,m_25,1,13.50,main
ord_1289,m_01,1,13.00,main
ord_1290,m_10,1,12.00,main
ord_1291,m_25,1,13.50,main
ord_1292,m_22,1,12.50,main
ord_1293,m_07,1,11.00,main
ord_1294,m_10,1,12.00,main
ord_1295,m_11,1,13.50,main
ord_1296,m_29,1,13.00,main
ord_1297,m_03,1,14.50,main
ord_1298,m_11,1,13.50,main
ord_1299,m_29,1,13.00,main
ord_1300,m_13,1,3.00,main
ord_1301,m_08,1,4.00,main
ord_1302,m_16,1,2.50,main
ord_1303,m_13,1,3.00,main
ord_1304,m_23,1,11.00,main
ord_1305,m_28,1,12.00,main
ord_1306,m_07,1,11.00,main
ord_1307,m_23,1,11.00,main
ord_1308,m_28,1,12.00,main
ord_1309,m_22,1,12.50,main
ord_1310,m_05,1,12.00,main
ord_1311,m_11,1,13.50,main
ord_1312,m_10,1,12.00,main
ord_1313,m_01,1,13.00,main
ord_1314,m_11,1,13.50,main
ord_1315,m_13,1,3.00,main
ord_1316,m_16,1,2.50,main
ord_1317,m_24,1,3.00,main
ord_1318,m_13,1,3.00,main
ord_1319,m_16,1,2.50,main
ord_1320,m_01,1,13.00,main
ord_1321,m_10,1,12.00,main
ord_1322,m_28,1,12.00,main
ord_1323,m_01,1,13.00,main
ord_1324,m_10,1,12.00,main
ord_1325,m_28,1,12.00,main
ord_1326,m_07,1,11.00,main
ord_1327,m_16,1,2.50,main
ord_1328,m_23,1,11.00,main
ord_1329,m_07,1,11.00,main
ord_1330,m_22,1,12.50,main
ord_1331,m_07,1,11.00,main
ord_1332,m_28,1,12.00,main
ord_1333,m_19,1,12.00,main
ord_1334,m_28,1,12.00,main
ord_1335,m_10,1,12.00,main
ord_1336,m_19,1,12.00,main
ord_1337,m_28,1,12.00,main
ord_1338,m_29,1,13.00,main
ord_1339,m_28,1,12.00,main
ord_1340,m_22,1,12.50,main
ord_1341,m_29,1,13.00,main
ord_1342,m_28,1,12.00,main
ord_1343,m_22,1,12.50,main
ord_1344,m_23,1,11.00,main
ord_1345,m_05,1,12.00,main
ord_1346,m_05,1,12.00,main
ord_1347,m_28,1,12.00,main
ord_1348,m_25,1,13.50,main
ord_1349,m_05,1,12.00,main
ord_1350,m_05,1,12.00,main
ord_1351,m_28,1,12.00,main
ord_1352,m_10,1,12.00,main
ord_1353,m_05,1,12.00,main
ord_1354,m_22,1,12.50,main
ord_1355,m_29,1,13.00,main
ord_1356,m_05,1,12.00,main
ord_1357,m_22,1,12.50,main
ord_1358,m_29,1,13.00,main
ord_1359,m_05,1,12.00,main
ord_1360,m_22,1,12.50,main
ord_1361,m_29,1,13.00,main
ord_1362,m_02,1,12.50,main
ord_1363,m_28,1,12.00,main
ord_1364,m_10,1,12.00,main
ord_1365,m_05,1,12.00,main
ord_1366,m_28,1,12.00,main
ord_1367,m_10,1,12.00,main
ord_1368,m_05,1,12.00,main
ord_1369,m_30,1,11.00,main
ord_1370,m_13,1,3.00,main
ord_1371,m_07,1,11.00,main
ord_1372,m_30,1,11.00,main
ord_1373,m_13,1,3.00,main
ord_1374,m_07,1,11.00,main
ord_1375,m_30,1,11.00,main
ord_1376,m_13,1,3.00,main
ord_1377,m_11,1,13.50,main
ord_1378,m_27,1,12.50,main
ord_1379,m_22,1,12.50,main
ord_1380,m_29,1,13.00,main
ord_1381,m_03,1,14.50,main
ord_1382,m_25,1,13.50,main
ord_1383,m_29,1,13.00,main
ord_1384,m_03,1,14.50,main
ord_1385,m_25,1,13.50,main
ord_1386,m_29,1,13.00,main
ord_1387,m_03,1,14.50,main
ord_1388,m_22,1,12.50,main
ord_1389,m_28,1,12.00,main
ord_1390,m_07,1,11.00,main
ord_1391,m_22,1,12.50,main
ord_1392,m_28,1,12.00,main
ord_1393,m_07,1,11.00,main
ord_1394,m_22,1,12.50,main
ord_1395,m_10,1,12.00,main
ord_1396,m_24,1,3.00,main
ord_1397,m_08,1,4.00,main
ord_1398,m_22,1,12.50,main
ord_1399,m_10,1,12.00,main
ord_1400,m_07,1,11.00,main
ord_1401,m_23,1,11.00,main
ord_1402,m_27,1,12.50,main
ord_1403,m_22,1,12.50,main
ord_1404,m_30,1,11.00,main
ord_1405,m_01,1,13.00,main
ord_1406,m_11,1,13.50,main
ord_1407,m_29,1,13.00,main
ord_1408,m_01,1,13.00,main
ord_1409,m_11,1,13.50,main
ord_1410,m_29,1,13.00,main
ord_1411,m_01,1,13.00,main
ord_1412,m_11,1,13.50,main
ord_1413,m_10,1,12.00,main
ord_1414,m_22,1,12.50,main
ord_1415,m_25,1,13.50,main
ord_1416,m_10,1,12.00,main
ord_1417,m_22,1,12.50,main
ord_1418,m_25,1,13.50,main
ord_1419,m_10,1,12.00,main
ord_1420,m_22,1,12.50,main
ord_1421,m_29,1,13.00,main
ord_1422,m_03,1,14.50,main
ord_1423,m_07,1,11.00,main
ord_1424,m_10,1,12.00,main
ord_1425,m_23,1,11.00,main
ord_1426,m_07,1,11.00,main
ord_1427,m_28,1,12.00,main
ord_1428,m_07,1,11.00,main