recommendation_id,customer_id,meal_id,clicked,added_cart,purchased,dismissed
rec_1,C00001,m_08,true,true,true,false
rec_2,C00002,m_22,true,true,true,false
rec_3,C00003,m_13,true,true,true,false
rec_4,C00003,m_13,true,true,true,false
rec_5,C00003,m_13,true,true,true,false
rec_6,C00003,m_13,true,true,true,false
rec_7,C00003,m_13,true,true,true,false
rec_8,C00003,m_13,true,true,true,false
rec_9,C00003,m_13,true,true,true,false
rec_10,C00003,m_13,true,true,true,false
rec_11,C00003,m_13,true,true,true,false
rec_12,C00003,m_13,true,true,true,false
rec_13,C00003,m_13,true,true,true,false
rec_14,C00003,m_13,true,true,true,false
rec_15,C00003,m_13,true,true,true,false
rec_16,C00003,m_13,true,true,true,false
rec_17,C00003,m_13,true,true,true,false
rec_18,C00003,m_13,true,true,true,false
rec_19,C00003,m_13,true,true,true,false
rec_20,C00003,m_13,true,true,true,false
rec_21,C00003,m_13,true,true,true,false
rec_22,C00003,m_13,true,true,true,false
rec_23,C00003,m_13,true,true,true,false
rec_24,C00003,m_13,true,true,true,false
rec_25,C00003,m_13,true,true,true,false
rec_26,C00003,m_13,true,true,true,false
rec_27,C00003,m_13,true,true,true,false
rec_28,C00003,m_13,true,true,true,false
rec_29,C00003,m_13,true,true,true,false
rec_30,C00003,m_13,true,true,true,false
rec_31,C00003,m_13,true,true,true,false
rec_32,C00003,m_13,true,true,true,false
rec_33,C00003,m_13,true,true,true,false
rec_34,C00003,m_13,true,true,true,false
rec_35,C00003,m_13,true,true,true,false
rec_36,C00003,m_13,true,true,true,false
rec_37,C00004,m_25,true,true,true,false
rec_38,C00005,m_24,true,true,true,false
rec_39,C00005,m_24,true,true,true,false
rec_40,C00005,m_24,true,true,true,false
rec_41,C00005,m_24,true,true,true,false
rec_42,C00006,m_11,true,true,true,false
rec_43,C00006,m_11,true,true,true,false
rec_44,C00007,m_10,true,true,true,false
rec_45,C00007,m_10,true,true,true,false
rec_46,C00007,m_10,true,true,true,false
rec_47,C00007,m_10,true,true,true,false
rec_48,C00007,m_10,true,true,true,false
rec_49,C00007,m_10,true,true,true,false
rec_50,C00008,m_05,true,true,true,false
rec_51,C00008,m_05,true,true,true,false
rec_52,C00008,m_05,true,true,true,false
rec_53,C00008,m_05,true,true,true,false
rec_54,C00009,m_08,true,true,true,false
rec_55,C00009,m_08,true,true,true,false
rec_56,C00009,m_08,true,true,true,false
rec_57,C00009,m_08,true,true,true,false
rec_58,C00009,m_08,true,true,true,false
rec_59,C00009,m_08,true,true,true,false
rec_60,C00010,m_05,true,true,true,false
rec_61,C00010,m_05,true,true,true,false
rec_62,C00010,m_05,true,true,true,false
rec_63,C00011,m_07,true,true,true,false
rec_64,C00011,m_07,true,true,true,false
rec_65,C00012,m_28,true,true,true,false
rec_66,C00012,m_28,true,true,true,false
rec_67,C00013,m_17,true,true,true,false
rec_68,C00013,m_17,true,true,true,false
rec_69,C00013,m_17,true,true,true,false
rec_70,C00014,m_07,true,true,true,false
rec_71,C00014,m_07,true,true,true,false
rec_72,C00014,m_07,true,true,true,false
rec_73,C00015,m_07,true,true,true,false
rec_74,C00015,m_07,true,true,true,false
rec_75,C00015,m_07,true,true,true,false
rec_76,C00015,m_07,true,true,true,false
rec_77,C00015,m_07,true,true,true,false
rec_78,C00015,m_07,true,true,true,false
rec_79,C00016,m_11,true,true,true,false
rec_80,C00017,m_28,true,true,true,false
rec_81,C00017,m_28,true,true,true,false
rec_82,C00017,m_28,true,true,true,false
rec_83,C00017,m_28,true,true,true,false
rec_84,C00018,m_29,true,true,true,false
rec_85,C00018,m_29,true,true,true,false
rec_86,C00018,m_29,true,true,true,false
rec_87,C00018,m_29,true,true,true,false
rec_88,C00018,m_29,true,true,true,false
rec_89,C00018,m_29,true,true,true,false
rec_90,C00019,m_07,true,true,true,false
rec_91,C00019,m_07,true,true,true,false
rec_92,C00019,m_07,true,true,true,false
rec_93,C00020,m_22,true,true,true,false
rec_94,C00020,m_22,true,true,true,false
rec_95,C00021,m_22,true,true,true,false
rec_96,C00021,m_22,true,true,true,false
rec_97,C00021,m_22,true,true,true,false
rec_98,C00021,m_22,true,true,true,false
rec_99,C00021,m_22,true,true,true,false
rec_100,C00022,m_28,true,true,true,false
rec_101,C00022,m_28,true,true,true,false
rec_102,C00023,m_23,true,true,true,false
rec_103,C00023,m_23,true,true,true,false
rec_104,C00024,m_27,true,true,true,false
rec_105,C00024,m_27,true,true,true,false
rec_106,C00024,m_27,true,true,true,false
rec_107,C00024,m_27,true,true,true,false
rec_108,C00025,m_02,true,true,true,false
rec_109,C00025,m_02,true,true,true,false
rec_110,C00026,m_22,true,true,true,false
rec_111,C00026,m_22,true,true,true,false
rec_112,C00026,m_22,true,true,true,false
rec_113,C00026,m_22,true,true,true,false
rec_114,C00026,m_22,true,true,true,false
rec_115,C00027,m_07,true,true,true,false
rec_116,C00027,m_07,true,true,true,false
rec_117,C00028,m_03,true,true,true,false
rec_118,C00028,m_03,true,true,true,false
rec_119,C00028,m_03,true,true,true,false
rec_120,C00028,m_03,true,true,true,false
rec_121,C00028,m_03,true,true,true,false
rec_122,C00028,m_03,true,true,true,false
rec_123,C00029,m_23,true,true,true,false
rec_124,C00029,m_23,true,true,true,false
rec_125,C00029,m_23,true,true,true,false
rec_126,C00029,m_23,true,true,true,false
rec_127,C00030,m_05,true,true,true,false
rec_128,C00030,m_05,true,true,true,false
rec_129,C00030,m_05,true,true,true,false
rec_130,C00030,m_05,true,true,true,false
rec_131,C00031,m_05,true,true,true,false
rec_132,C00031,m_05,true,true,true,false
rec_133,C00031,m_05,true,true,true,false
rec_134,C00032,m_22,true,true,true,false
rec_135,C00032,m_22,true,true,true,false
rec_136,C00032,m_22,true,true,true,false
rec_137,C00032,m_22,true,true,true,false
rec_138,C00033,m_16,true,true,true,false
rec_139,C00033,m_16,true,true,true,false
rec_140,C00033,m_16,true,true,true,false
rec_141,C00033,m_16,true,true,true,false
rec_142,C00033,m_16,true,true,true,false
rec_143,C00033,m_16,true,true,true,false
rec_144,C00034,m_27,true,true,true,false
rec_145,C00034,m_27,true,true,true,false
rec_146,C00034,m_27,true,true,true,false
rec_147,C00035,m_13,true,true,true,false
rec_148,C00035,m_13,true,true,true,false
rec_149,C00035,m_13,true,true,true,false
rec_150,C00036,m_22,true,true,true,false
rec_151,C00036,m_22,true,true,true,false
rec_152,C00036,m_22,true,true,true,false
rec_153,C00037,m_30,true,true,true,false
rec_154,C00037,m_30,true,true,true,false
rec_155,C00037,m_30,true,true,true,false
rec_156,C00037,m_30,true,true,true,false
rec_157,C00037,m_30,true,true,true,false
rec_158,C00037,m_30,true,true,true,false
rec_159,C00038,m_22,true,true,true,false
rec_160,C00038,m_22,true,true,true,false
rec_161,C00039,m_10,true,true,true,false
rec_162,C00039,m_10,true,true,true,false
rec_163,C00040,m_23,true,true,true,false
rec_164,C00040,m_23,true,true,true,false
rec_165,C00041,m_28,true,true,true,false
rec_166,C00041,m_28,true,true,true,false
rec_167,C00041,m_28,true,true,true,false
rec_168,C00041,m_28,true,true,true,false
rec_169,C00041,m_28,true,true,true,false
rec_170,C00041,m_28,true,true,true,false
rec_171,C00042,m_22,true,true,true,false
rec_172,C00042,m_22,true,true,true,false
rec_173,C00042,m_22,true,true,true,false
rec_174,C00042,m_22,true,true,true,false
rec_175,C00042,m_22,true,true,true,false
rec_176,C00043,m_23,true,true,true,false
rec_177,C00043,m_23,true,true,true,false
rec_178,C00043,m_23,true,true,true,false
rec_179,C00043,m_23,true,true,true,false
rec_180,C00043,m_23,true,true,true,false
rec_181,C00043,m_23,true,true,true,false
rec_182,C00044,m_10,true,true,true,false
rec_183,C00044,m_10,true,true,true,false
rec_184,C00044,m_10,true,true,true,false
rec_185,C00044,m_10,true,true,true,false
rec_186,C00045,m_23,true,true,true,false
rec_187,C00045,m_23,true,true,true,false
rec_188,C00045,m_23,true,true,true,false
rec_189,C00046,m_01,true,true,true,false
rec_190,C00046,m_01,true,true,true,false
rec_191,C00046,m_01,true,true,true,false
rec_192,C00046,m_01,true,true,true,false
rec_193,C00047,m_07,true,true,true,false
rec_194,C00047,m_07,true,true,true,false
rec_195,C00047,m_07,true,true,true,false
rec_196,C00047,m_07,true,true,true,false
rec_197,C00047,m_07,true,true,true,false
rec_198,C00047,m_07,true,true,true,false
rec_199,C00048,m_10,true,true,true,false
rec_200,C00048,m_10,true,true,true,false
rec_201,C00048,m_10,true,true,true,false
rec_202,C00048,m_10,true,true,true,false
rec_203,C00048,m_10,true,true,true,false
rec_204,C00049,m_08,true,true,true,false
rec_205,C00049,m_08,true,true,true,false
rec_206,C00049,m_08,true,true,true,false
rec_207,C00049,m_08,true,true,true,false
rec_208,C00049,m_08,true,true,true,false
rec_209,C00049,m_08,true,true,true,false
rec_210,C00050,m_10,true,true,true,false
rec_211,C00050,m_10,true,true,true,false
rec_212,C00050,m_10,true,true,true,false
rec_213,C00050,m_10,true,true,true,false
rec_214,C00050,m_10,true,true,true,false
rec_215,C00051,m_08,true,true,true,false
rec_216,C00051,m_08,true,true,true,false
rec_217,C00051,m_08,true,true,true,false
rec_218,C00051,m_08,true,true,true,false
rec_219,C00052,m_10,true,true,true,false
rec_220,C00052,m_10,true,true,true,false
rec_221,C00052,m_10,true,true,true,false
rec_222,C00052,m_10,true,true,true,false
rec_223,C00053,m_18,true,true,true,false
rec_224,C00053,m_18,true,true,true,false
rec_225,C00054,m_27,true,true,true,false
rec_226,C00054,m_27,true,true,true,false
rec_227,C00055,m_23,true,true,true,false
rec_228,C00055,m_23,true,true,true,false
rec_229,C00055,m_23,true,true,true,false
rec_230,C00056,m_22,true,true,true,false
rec_231,C00056,m_22,true,true,true,false
rec_232,C00056,m_22,true,true,true,false
rec_233,C00056,m_22,true,true,true,false
rec_234,C00057,m_23,true,true,true,false
rec_235,C00057,m_23,true,true,true,false
rec_236,C00058,m_26,true,true,true,false
rec_237,C00058,m_26,true,true,true,false
rec_238,C00058,m_26,true,true,true,false
rec_239,C00058,m_26,true,true,true,false
rec_240,C00059,m_07,true,true,true,false
rec_241,C00059,m_07,true,true,true,false
rec_242,C00060,m_28,true,true,true,false
rec_243,C00060,m_28,true,true,true,false
rec_244,C00060,m_28,true,true,true,false
rec_245,C00060,m_28,true,true,true,false
rec_246,C00060,m_28,true,true,true,false
rec_247,C00061,m_08,true,true,true,false
rec_248,C00061,m_08,true,true,true,false
rec_249,C00061,m_08,true,true,true,false
rec_250,C00061,m_08,true,true,true,false
rec_251,C00062,m_22,true,true,true,false
rec_252,C00062,m_22,true,true,true,false
rec_253,C00062,m_22,true,true,true,false
rec_254,C00062,m_22,true,true,true,false
rec_255,C00062,m_22,true,true,true,false
rec_256,C00063,m_13,true,true,true,false
rec_257,C00063,m_13,true,true,true,false
rec_258,C00063,m_13,true,true,true,false
rec_259,C00063,m_13,true,true,true,false
rec_260,C00064,m_27,true,true,true,false
rec_261,C00064,m_27,true,true,true,false
rec_262,C00064,m_27,true,true,true,false
rec_263,C00064,m_27,true,true,true,false
rec_264,C00065,m_07,true,true,true,false
rec_265,C00065,m_07,true,true,true,false
rec_266,C00066,m_11,true,true,true,false
rec_267,C00066,m_11,true,true,true,false
rec_268,C00066,m_11,true,true,true,false
rec_269,C00067,m_13,true,true,true,false
rec_270,C00067,m_13,true,true,true,false
rec_271,C00067,m_13,true,true,true,false
rec_272,C00067,m_13,true,true,true,false
rec_273,C00068,m_22,true,true,true,false
rec_274,C00068,m_22,true,true,true,false
rec_275,C00068,m_22,true,true,true,false
rec_276,C00068,m_22,true,true,true,false
rec_277,C00068,m_22,true,true,true,false
rec_278,C00069,m_24,true,true,true,false
rec_279,C00069,m_24,true,true,true,false
rec_280,C00070,m_22,true,true,true,false
rec_281,C00070,m_22,true,true,true,false
rec_282,C00070,m_22,true,true,true,false
rec_283,C00070,m_22,true,true,true,false
rec_284,C00071,m_10,true,true,true,false
rec_285,C00071,m_10,true,true,true,false
rec_286,C00071,m_10,true,true,true,false
rec_287,C00071,m_10,true,true,true,false
rec_288,C00071,m_10,true,true,true,false
rec_289,C00072,m_22,true,true,true,false
rec_290,C00072,m_22,true,true,true,false
rec_291,C00072,m_22,true,true,true,false
rec_292,C00072,m_22,true,true,true,false
rec_293,C00072,m_22,true,true,true,false
rec_294,C00072,m_22,true,true,true,false
rec_295,C00073,m_24,true,true,true,false
rec_296,C00073,m_24,true,true,true,false
rec_297,C00074,m_11,true,true,true,false
rec_298,C00074,m_11,true,true,true,false
rec_299,C00074,m_11,true,true,true,false
rec_300,C00074,m_11,true,true,true,false
rec_301,C00074,m_11,true,true,true,false
rec_302,C00074,m_11,true,true,true,false
rec_303,C00075,m_13,true,true,true,false
rec_304,C00075,m_13,true,true,true,false
rec_305,C00075,m_13,true,true,true,false
rec_306,C00076,m_01,true,true,true,false
rec_307,C00076,m_01,true,true,true,false
rec_308,C00077,m_10,true,true,true,false
rec_309,C00077,m_10,true,true,true,false
rec_310,C00077,m_10,true,true,true,false
rec_311,C00077,m_10,true,true,true,false
rec_312,C00077,m_10,true,true,true,false
rec_313,C00078,m_03,true,true,true,false
rec_314,C00078,m_03,true,true,true,false
rec_315,C00078,m_03,true,true,true,false
rec_316,C00078,m_03,true,true,true,false
rec_317,C00078,m_03,true,true,true,false
rec_318,C00079,m_24,true,true,true,false
rec_319,C00079,m_24,true,true,true,false
rec_320,C00079,m_24,true,true,true,false
rec_321,C00079,m_24,true,true,true,false
rec_322,C00080,m_23,true,true,true,false
rec_323,C00080,m_23,true,true,true,false
rec_324,C00080,m_23,true,true,true,false
rec_325,C00080,m_23,true,true,true,false
rec_326,C00081,m_28,true,true,true,false
rec_327,C00081,m_28,true,true,true,false
rec_328,C00081,m_28,true,true,true,false
rec_329,C00082,m_11,true,true,true,false
rec_330,C00082,m_11,true,true,true,false
rec_331,C00082,m_11,true,true,true,false
rec_332,C00082,m_11,true,true,true,false
rec_333,C00082,m_11,true,true,true,false
rec_334,C00083,m_13,true,true,true,false
rec_335,C00083,m_13,true,true,true,false
rec_336,C00083,m_13,true,true,true,false
rec_337,C00084,m_27,true,true,true,false
rec_338,C00084,m_27,true,true,true,false
rec_339,C00084,m_27,true,true,true,false
rec_340,C00084,m_27,true,true,true,false
rec_341,C00085,m_07,true,true,true,false
rec_342,C00085,m_07,true,true,true,false
rec_343,C00086,m_03,true,true,true,false
rec_344,C00086,m_03,true,true,true,false
rec_345,C00087,m_22,true,true,true,false
rec_346,C00087,m_22,true,true,true,false
rec_347,C00088,m_29,true,true,true,false
rec_348,C00088,m_29,true,true,true,false
rec_349,C00089,m_07,true,true,true,false
rec_350,C00090,m_22,true,true,true,false
rec_351,C00090,m_22,true,true,true,false
rec_352,C00090,m_22,true,true,true,false
rec_353,C00090,m_22,true,true,true,false
rec_354,C00091,m_24,true,true,true,false
rec_355,C00091,m_24,true,true,true,false
rec_356,C00091,m_24,true,true,true,false
rec_357,C00091,m_24,true,true,true,false
rec_358,C00091,m_24,true,true,true,false
rec_359,C00092,m_11,true,true,true,false
rec_360,C00092,m_11,true,true,true,false
rec_361,C00092,m_11,true,true,true,false
rec_362,C00092,m_11,true,true,true,false
rec_363,C00093,m_13,true,true,true,false
rec_364,C00093,m_13,true,true,true,false
rec_365,C00093,m_13,true,true,true,false
rec_366,C00093,m_13,true,true,true,false
rec_367,C00093,m_13,true,true,true,false
rec_368,C00094,m_27,true,true,true,false
rec_369,C00094,m_27,true,true,true,false
rec_370,C00094,m_27,true,true,true,false
rec_371,C00094,m_27,true,true,true,false
rec_372,C00094,m_27,true,true,true,false
rec_373,C00095,m_07,true,true,true,false
rec_374,C00096,m_11,true,true,true,false
rec_375,C00096,m_11,true,true,true,false
rec_376,C00096,m_11,true,true,true,false
rec_377,C00096,m_11,true,true,true,false
rec_378,C00096,m_11,true,true,true,false
rec_379,C00096,m_11,true,true,true,false
rec_380,C00097,m_23,true,true,true,false
rec_381,C00097,m_23,true,true,true,false
rec_382,C00097,m_23,true,true,true,false
rec_383,C00097,m_23,true,true,true,false
rec_384,C00097,m_23,true,true,true,false
rec_385,C00098,m_03,true,true,true,false
rec_386,C00098,m_03,true,true,true,false
rec_387,C00098,m_03,true,true,true,false
rec_388,C00098,m_03,true,true,true,false
rec_389,C00099,m_08,true,true,true,false
rec_390,C00099,m_08,true,true,true,false
rec_391,C00099,m_08,true,true,true,false
rec_392,C00099,m_08,true,true,true,false
rec_393,C00100,m_29,true,true,true,false
rec_394,C00100,m_29,true,true,true,false
rec_395,C00100,m_29,true,true,true,false
rec_396,C00100,m_29,true,true,true,false
rec_397,C00100,m_29,true,true,true,false
rec_398,C00101,m_23,true,true,true,false
rec_399,C00101,m_23,true,true,true,false
rec_400,C00101,m_23,true,true,true,false
rec_401,C00102,m_05,true,true,true,false
rec_402,C00102,m_05,true,true,true,false
rec_403,C00102,m_05,true,true,true,false
rec_404,C00102,m_05,true,true,true,false
rec_405,C00102,m_05,true,true,true,false
rec_406,C00102,m_05,true,true,true,false
rec_407,C00103,m_07,true,true,true,false
rec_408,C00103,m_07,true,true,true,false
rec_409,C00104,m_27,true,true,true,false
rec_410,C00105,m_23,true,true,true,false
rec_411,C00105,m_23,true,true,true,false
rec_412,C00105,m_23,true,true,true,false
rec_413,C00105,m_23,true,true,true,false
rec_414,C00106,m_10,true,true,true,false
rec_415,C00106,m_10,true,true,true,false
rec_416,C00106,m_10,true,true,true,false
rec_417,C00106,m_10,true,true,true,false
rec_418,C00107,m_05,true,true,true,false
rec_419,C00108,m_03,true,true,true,false
rec_420,C00108,m_03,true,true,true,false
rec_421,C00108,m_03,true,true,true,false
rec_422,C00108,m_03,true,true,true,false
rec_423,C00109,m_08,true,true,true,false
rec_424,C00109,m_08,true,true,true,false
rec_425,C00109,m_08,true,true,true,false
rec_426,C00109,m_08,true,true,true,false
rec_427,C00110,m_10,true,true,true,false
rec_428,C00110,m_10,true,true,true,false
rec_429,C00111,m_28,true,true,true,false
rec_430,C00111,m_28,true,true,true,false
rec_431,C00112,m_01,true,true,true,false
rec_432,C00112,m_01,true,true,true,false
rec_433,C00112,m_01,true,true,true,false
rec_434,C00112,m_01,true,true,true,false
rec_435,C00113,m_13,true,true,true,false
rec_436,C00113,m_13,true,true,true,false
rec_437,C00113,m_13,true,true,true,false
rec_438,C00113,m_13,true,true,true,false
rec_439,C00114,m_27,true,true,true,false
rec_440,C00114,m_27,true,true,true,false
rec_441,C00114,m_27,true,true,true,false
rec_442,C00114,m_27,true,true,true,false
rec_443,C00114,m_27,true,true,true,false
rec_444,C00114,m_27,true,true,true,false
rec_445,C00115,m_13,true,true,true,false
rec_446,C00115,m_13,true,true,true,false
rec_447,C00116,m_10,true,true,true,false
rec_448,C00116,m_10,true,true,true,false
rec_449,C00116,m_10,true,true,true,false
rec_450,C00116,m_10,true,true,true,false
rec_451,C00117,m_05,true,true,true,false
rec_452,C00117,m_05,true,true,true,false
rec_453,C00118,m_29,true,true,true,false
rec_454,C00118,m_29,true,true,true,false
rec_455,C00118,m_29,true,true,true,false
rec_456,C00118,m_29,true,true,true,false
rec_457,C00119,m_10,true,true,true,false
rec_458,C00119,m_10,true,true,true,false
rec_459,C00120,m_23,true,true,true,false
rec_460,C00120,m_23,true,true,true,false
rec_461,C00120,m_23,true,true,true,false
rec_462,C00120,m_23,true,true,true,false
rec_463,C00120,m_23,true,true,true,false
rec_464,C00120,m_23,true,true,true,false
rec_465,C00121,m_22,true,true,true,false
rec_466,C00121,m_22,true,true,true,false
rec_467,C00121,m_22,true,true,true,false
rec_468,C00122,m_29,true,true,true,false
rec_469,C00122,m_29,true,true,true,false
rec_470,C00122,m_29,true,true,true,false
rec_471,C00123,m_13,true,true,true,false
rec_472,C00123,m_13,true,true,true,false
rec_473,C00124,m_27,true,true,true,false
rec_474,C00125,m_02,true,true,true,false
rec_475,C00125,m_02,true,true,true,false
rec_476,C00126,m_10,true,true,true,false
rec_477,C00126,m_10,true,true,true,false
rec_478,C00126,m_10,true,true,true,false
rec_479,C00126,m_10,true,true,true,false
rec_480,C00127,m_28,true,true,true,false
rec_481,C00127,m_28,true,true,true,false
rec_482,C00127,m_28,true,true,true,false
rec_483,C00127,m_28,true,true,true,false
rec_484,C00127,m_28,true,true,true,false
rec_485,C00128,m_29,true,true,true,false
rec_486,C00128,m_29,true,true,true,false
rec_487,C00129,m_07,true,true,true,false
rec_488,C00129,m_07,true,true,true,false
rec_489,C00129,m_07,true,true,true,false
rec_490,C00129,m_07,true,true,true,false
rec_491,C00129,m_07,true,true,true,false
rec_492,C00129,m_07,true,true,true,false
rec_493,C00130,m_13,true,true,true,false
rec_494,C00130,m_13,true,true,true,false
rec_495,C00130,m_13,true,true,true,false
rec_496,C00130,m_13,true,true,true,false
rec_497,C00131,m_08,true,true,true,false
rec_498,C00131,m_08,true,true,true,false
rec_499,C00132,m_10,true,true,true,false
rec_500,C00132,m_10,true,true,true,false
rec_501,C00133,m_30,true,true,true,false
rec_502,C00133,m_30,true,true,true,false
rec_503,C00134,m_27,true,true,true,false
rec_504,C00134,m_27,true,true,true,false
rec_505,C00134,m_27,true,true,true,false
rec_506,C00135,m_23,true,true,true,false
rec_507,C00135,m_23,true,true,true,false
rec_508,C00136,m_11,true,true,true,false
rec_509,C00136,m_11,true,true,true,false
rec_510,C00136,m_11,true,true,true,false
rec_511,C00136,m_11,true,true,true,false
rec_512,C00136,m_11,true,true,true,false
rec_513,C00136,m_11,true,true,true,false
rec_514,C00137,m_14,true,true,true,false
rec_515,C00137,m_14,true,true,true,false
rec_516,C00138,m_11,true,true,true,false
rec_517,C00138,m_11,true,true,true,false
rec_518,C00139,m_13,true,true,true,false
rec_519,C00140,m_29,true,true,true,false
rec_520,C00140,m_29,true,true,true,false
rec_521,C00141,m_08,true,true,true,false
rec_522,C00141,m_08,true,true,true,false
rec_523,C00141,m_08,true,true,true,false
rec_524,C00141,m_08,true,true,true,false
rec_525,C00142,m_28,true,true,true,false
rec_526,C00142,m_28,true,true,true,false
rec_527,C00143,m_13,true,true,true,false
rec_528,C00143,m_13,true,true,true,false
rec_529,C00143,m_13,true,true,true,false
rec_530,C00144,m_23,true,true,true,false
rec_531,C00145,m_23,true,true,true,false
rec_532,C00146,m_28,true,true,true,false
rec_533,C00146,m_28,true,true,true,false
rec_534,C00147,m_10,true,true,true,false
rec_535,C00147,m_10,true,true,true,false
rec_536,C00147,m_10,true,true,true,false
rec_537,C00147,m_10,true,true,true,false
rec_538,C00147,m_10,true,true,true,false
rec_539,C00147,m_10,true,true,true,false
rec_540,C00148,m_11,true,true,true,false
rec_541,C00148,m_11,true,true,true,false
rec_542,C00148,m_11,true,true,true,false
rec_543,C00148,m_11,true,true,true,false
rec_544,C00148,m_11,true,true,true,false
rec_545,C00149,m_10,true,true,true,false
rec_546,C00150,m_22,true,true,true,false
rec_547,C00150,m_22,true,true,true,false
rec_548,C00151,m_16,true,true,true,false
rec_549,C00151,m_16,true,true,true,false
rec_550,C00151,m_16,true,true,true,false
rec_551,C00151,m_16,true,true,true,false
rec_552,C00151,m_16,true,true,true,false
rec_553,C00152,m_28,true,true,true,false
rec_554,C00152,m_28,true,true,true,false
rec_555,C00152,m_28,true,true,true,false
rec_556,C00152,m_28,true,true,true,false
rec_557,C00153,m_13,true,true,true,false
rec_558,C00153,m_13,true,true,true,false
rec_559,C00154,m_11,true,true,true,false
rec_560,C00155,m_23,true,true,true,false
rec_561,C00155,m_23,true,true,true,false
rec_562,C00155,m_23,true,true,true,false
rec_563,C00155,m_23,true,true,true,false
rec_564,C00156,m_22,true,true,true,false
rec_565,C00156,m_22,true,true,true,false
rec_566,C00157,m_05,true,true,true,false
rec_567,C00157,m_05,true,true,true,false
rec_568,C00157,m_05,true,true,true,false
rec_569,C00157,m_05,true,true,true,false
rec_570,C00157,m_05,true,true,true,false
rec_571,C00158,m_29,true,true,true,false
rec_572,C00158,m_29,true,true,true,false
rec_573,C00158,m_29,true,true,true,false
rec_574,C00158,m_29,true,true,true,false
rec_575,C00159,m_13,true,true,true,false
rec_576,C00159,m_13,true,true,true,false
rec_577,C00159,m_13,true,true,true,false
rec_578,C00159,m_13,true,true,true,false
rec_579,C00160,m_22,true,true,true,false
rec_580,C00160,m_22,true,true,true,false
rec_581,C00160,m_22,true,true,true,false
rec_582,C00160,m_22,true,true,true,false
rec_583,C00161,m_10,true,true,true,false
rec_584,C00161,m_10,true,true,true,false
rec_585,C00161,m_10,true,true,true,false
rec_586,C00161,m_10,true,true,true,false
rec_587,C00162,m_11,true,true,true,false
rec_588,C00162,m_11,true,true,true,false
rec_589,C00162,m_11,true,true,true,false
rec_590,C00163,m_13,true,true,true,false
rec_591,C00163,m_13,true,true,true,false
rec_592,C00164,m_28,true,true,true,false
rec_593,C00164,m_28,true,true,true,false
rec_594,C00164,m_28,true,true,true,false
rec_595,C00164,m_28,true,true,true,false
rec_596,C00164,m_28,true,true,true,false
rec_597,C00165,m_02,true,true,true,false
rec_598,C00165,m_02,true,true,true,false
rec_599,C00166,m_05,true,true,true,false
rec_600,C00166,m_05,true,true,true,false
rec_601,C00166,m_05,true,true,true,false
rec_602,C00166,m_05,true,true,true,false
rec_603,C00167,m_13,true,true,true,false
rec_604,C00167,m_13,true,true,true,false
rec_605,C00167,m_13,true,true,true,false
rec_606,C00167,m_13,true,true,true,false
rec_607,C00167,m_13,true,true,true,false
rec_608,C00167,m_13,true,true,true,false
rec_609,C00168,m_29,true,true,true,false
rec_610,C00168,m_29,true,true,true,false
rec_611,C00168,m_29,true,true,true,false
rec_612,C00168,m_29,true,true,true,false
rec_613,C00168,m_29,true,true,true,false
rec_614,C00168,m_29,true,true,true,false
rec_615,C00169,m_05,true,true,true,false
rec_616,C00169,m_05,true,true,true,false
rec_617,C00169,m_05,true,true,true,false
rec_618,C00169,m_05,true,true,true,false
rec_619,C00170,m_28,true,true,true,false
rec_620,C00170,m_28,true,true,true,false
rec_621,C00170,m_28,true,true,true,false
rec_622,C00170,m_28,true,true,true,false
rec_623,C00170,m_28,true,true,true,false
rec_624,C00171,m_10,true,true,true,false
rec_625,C00171,m_10,true,true,true,false
rec_626,C00171,m_10,true,true,true,false
rec_627,C00171,m_10,true,true,true,false
rec_628,C00171,m_10,true,true,true,false
rec_629,C00171,m_10,true,true,true,false
rec_630,C00172,m_05,true,true,true,false
rec_631,C00172,m_05,true,true,true,false
rec_632,C00173,m_16,true,true,true,false
rec_633,C00173,m_16,true,true,true,false
rec_634,C00173,m_16,true,true,true,false
rec_635,C00173,m_16,true,true,true,false
rec_636,C00174,m_10,true,true,true,false
rec_637,C00174,m_10,true,true,true,false
rec_638,C00174,m_10,true,true,true,false
rec_639,C00174,m_10,true,true,true,false
rec_640,C00175,m_13,true,true,true,false
rec_641,C00175,m_13,true,true,true,false
rec_642,C00176,m_11,true,true,true,false
rec_643,C00176,m_11,true,true,true,false
rec_644,C00176,m_11,true,true,true,false
rec_645,C00176,m_11,true,true,true,false
rec_646,C00177,m_28,true,true,true,false
rec_647,C00177,m_28,true,true,true,false
rec_648,C00177,m_28,true,true,true,false
rec_649,C00177,m_28,true,true,true,false
rec_650,C00178,m_11,true,true,true,false
rec_651,C00178,m_11,true,true,true,false
rec_652,C00178,m_11,true,true,true,false
rec_653,C00178,m_11,true,true,true,false
rec_654,C00178,m_11,true,true,true,false
rec_655,C00179,m_23,true,true,true,false
rec_656,C00179,m_23,true,true,true,false
rec_657,C00180,m_28,true,true,true,false
rec_658,C00180,m_28,true,true,true,false
rec_659,C00180,m_28,true,true,true,false
rec_660,C00181,m_28,true,true,true,false
rec_661,C00181,m_28,true,true,true,false
rec_662,C00182,m_28,true,true,true,false
rec_663,C00182,m_28,true,true,true,false
rec_664,C00182,m_28,true,true,true,false
rec_665,C00182,m_28,true,true,true,false
rec_666,C00182,m_28,true,true,true,false
rec_667,C00182,m_28,true,true,true,false
rec_668,C00183,m_13,true,true,true,false
rec_669,C00183,m_13,true,true,true,false
rec_670,C00184,m_27,true,true,true,false
rec_671,C00184,m_27,true,true,true,false
rec_672,C00184,m_27,true,true,true,false
rec_673,C00185,m_13,true,true,true,false
rec_674,C00186,m_11,true,true,true,false
rec_675,C00186,m_11,true,true,true,false
rec_676,C00186,m_11,true,true,true,false
rec_677,C00186,m_11,true,true,true,false
rec_678,C00187,m_19,true,true,true,false
rec_679,C00187,m_19,true,true,true,false
rec_680,C00187,m_19,true,true,true,false
rec_681,C00187,m_19,true,true,true,false
rec_682,C00188,m_05,true,true,true,false
rec_683,C00188,m_05,true,true,true,false
rec_684,C00188,m_05,true,true,true,false
rec_685,C00188,m_05,true,true,true,false
rec_686,C00189,m_28,true,true,true,false
rec_687,C00189,m_28,true,true,true,false
rec_688,C00189,m_28,true,true,true,false
rec_689,C00189,m_28,true,true,true,false
rec_690,C00190,m_07,true,true,true,false
rec_691,C00191,m_13,true,true,true,false
rec_692,C00191,m_13,true,true,true,false
rec_693,C00191,m_13,true,true,true,false
rec_694,C00191,m_13,true,true,true,false
rec_695,C00191,m_13,true,true,true,false
rec_696,C00192,m_01,true,true,true,false
rec_697,C00192,m_01,true,true,true,false
rec_698,C00193,m_13,true,true,true,false
rec_699,C00193,m_13,true,true,true,false
rec_700,C00193,m_13,true,true,true,false
rec_701,C00193,m_13,true,true,true,false
rec_702,C00193,m_13,true,true,true,false
rec_703,C00194,m_27,true,true,true,false
rec_704,C00194,m_27,true,true,true,false
rec_705,C00194,m_27,true,true,true,false
rec_706,C00194,m_27,true,true,true,false
rec_707,C00195,m_23,true,true,true,false
rec_708,C00195,m_23,true,true,true,false
rec_709,C00196,m_11,true,true,true,false
rec_710,C00196,m_11,true,true,true,false
rec_711,C00196,m_11,true,true,true,false
rec_712,C00196,m_11,true,true,true,false
rec_713,C00197,m_28,true,true,true,false
rec_714,C00197,m_28,true,true,true,false
rec_715,C00197,m_28,true,true,true,false
rec_716,C00198,m_11,true,true,true,false
rec_717,C00198,m_11,true,true,true,false
rec_718,C00199,m_24,true,true,true,false
rec_719,C00199,m_24,true,true,true,false
rec_720,C00199,m_24,true,true,true,false
rec_721,C00199,m_24,true,true,true,false
rec_722,C00200,m_10,true,true,true,false
rec_723,C00201,m_22,true,true,true,false
rec_724,C00201,m_22,true,true,true,false
rec_725,C00201,m_22,true,true,true,false
rec_726,C00201,m_22,true,true,true,false
rec_727,C00202,m_11,true,true,true,false
rec_728,C00202,m_11,true,true,true,false
rec_729,C00203,m_07,true,true,true,false
rec_730,C00203,m_07,true,true,true,false
rec_731,C00203,m_07,true,true,true,false
rec_732,C00203,m_07,true,true,true,false
rec_733,C00204,m_01,true,true,true,false
rec_734,C00204,m_01,true,true,true,false
rec_735,C00204,m_01,true,true,true,false
rec_736,C00204,m_01,true,true,true,false
rec_737,C00204,m_01,true,true,true,false
rec_738,C00204,m_01,true,true,true,false
rec_739,C00205,m_24,true,true,true,false
rec_740,C00205,m_24,true,true,true,false
rec_741,C00205,m_24,true,true,true,false
rec_742,C00205,m_24,true,true,true,false
rec_743,C00206,m_22,true,true,true,false
rec_744,C00206,m_22,true,true,true,false
rec_745,C00206,m_22,true,true,true,false
rec_746,C00206,m_22,true,true,true,false
rec_747,C00207,m_05,true,true,true,false
rec_748,C00207,m_05,true,true,true,false
rec_749,C00208,m_10,true,true,true,false
rec_750,C00208,m_10,true,true,true,false
rec_751,C00208,m_10,true,true,true,false
rec_752,C00208,m_10,true,true,true,false
rec_753,C00209,m_07,true,true,true,false
rec_754,C00209,m_07,true,true,true,false
rec_755,C00209,m_07,true,true,true,false
rec_756,C00209,m_07,true,true,true,false
rec_757,C00209,m_07,true,true,true,false
rec_758,C00209,m_07,true,true,true,false
rec_759,C00210,m_10,true,true,true,false
rec_760,C00211,m_05,true,true,true,false
rec_761,C00211,m_05,true,true,true,false
rec_762,C00211,m_05,true,true,true,false
rec_763,C00211,m_05,true,true,true,false
rec_764,C00212,m_10,true,true,true,false
rec_765,C00212,m_10,true,true,true,false
rec_766,C00212,m_10,true,true,true,false
rec_767,C00212,m_10,true,true,true,false
rec_768,C00213,m_16,true,true,true,false
rec_769,C00213,m_16,true,true,true,false
rec_770,C00213,m_16,true,true,true,false
rec_771,C00214,m_27,true,true,true,false
rec_772,C00214,m_27,true,true,true,false
rec_773,C00214,m_27,true,true,true,false
rec_774,C00214,m_27,true,true,true,false
rec_775,C00214,m_27,true,true,true,false
rec_776,C00214,m_27,true,true,true,false
rec_777,C00215,m_24,true,true,true,false
rec_778,C00215,m_24,true,true,true,false
rec_779,C00215,m_24,true,true,true,false
rec_780,C00215,m_24,true,true,true,false
rec_781,C00216,m_07,true,true,true,false
rec_782,C00216,m_07,true,true,true,false
rec_783,C00216,m_07,true,true,true,false
rec_784,C00216,m_07,true,true,true,false
rec_785,C00217,m_28,true,true,true,false
rec_786,C00217,m_28,true,true,true,false
rec_787,C00217,m_28,true,true,true,false
rec_788,C00217,m_28,true,true,true,false
rec_789,C00217,m_28,true,true,true,false
rec_790,C00217,m_28,true,true,true,false
rec_791,C00218,m_22,true,true,true,false
rec_792,C00218,m_22,true,true,true,false
rec_793,C00218,m_22,true,true,true,false
rec_794,C00218,m_22,true,true,true,false
rec_795,C00218,m_22,true,true,true,false
rec_796,C00218,m_22,true,true,true,false
rec_797,C00219,m_07,true,true,true,false
rec_798,C00219,m_07,true,true,true,false
rec_799,C00219,m_07,true,true,true,false
rec_800,C00219,m_07,true,true,true,false
rec_801,C00219,m_07,true,true,true,false
rec_802,C00220,m_23,true,true,true,false
rec_803,C00220,m_23,true,true,true,false
rec_804,C00220,m_23,true,true,true,false
rec_805,C00220,m_23,true,true,true,false
rec_806,C00220,m_23,true,true,true,false
rec_807,C00220,m_23,true,true,true,false
rec_808,C00221,m_07,true,true,true,false
rec_809,C00221,m_07,true,true,true,false
rec_810,C00221,m_07,true,true,true,false
rec_811,C00221,m_07,true,true,true,false
rec_812,C00222,m_28,true,true,true,false
rec_813,C00222,m_28,true,true,true,false
rec_814,C00222,m_28,true,true,true,false
rec_815,C00222,m_28,true,true,true,false
rec_816,C00223,m_13,true,true,true,false
rec_817,C00223,m_13,true,true,true,false
rec_818,C00223,m_13,true,true,true,false
rec_819,C00223,m_13,true,true,true,false
rec_820,C00224,m_27,true,true,true,false
rec_821,C00224,m_27,true,true,true,false
rec_822,C00224,m_27,true,true,true,false
rec_823,C00225,m_13,true,true,true,false
rec_824,C00225,m_13,true,true,true,false
rec_825,C00225,m_13,true,true,true,false
rec_826,C00225,m_13,true,true,true,false
rec_827,C00226,m_05,true,true,true,false
rec_828,C00227,m_23,true,true,true,false
rec_829,C00227,m_23,true,true,true,false
rec_830,C00228,m_29,true,true,true,false
rec_831,C00228,m_29,true,true,true,false
rec_832,C00229,m_22,true,true,true,false
rec_833,C00229,m_22,true,true,true,false
rec_834,C00229,m_22,true,true,true,false
rec_835,C00230,m_13,true,true,true,false
rec_836,C00230,m_13,true,true,true,false
rec_837,C00231,m_05,true,true,true,false
rec_838,C00231,m_05,true,true,true,false
rec_839,C00231,m_05,true,true,true,false
rec_840,C00231,m_05,true,true,true,false
rec_841,C00231,m_05,true,true,true,false
rec_842,C00232,m_22,true,true,true,false
rec_843,C00232,m_22,true,true,true,false
rec_844,C00232,m_22,true,true,true,false
rec_845,C00232,m_22,true,true,true,false
rec_846,C00232,m_22,true,true,true,false
rec_847,C00232,m_22,true,true,true,false
rec_848,C00233,m_23,true,true,true,false
rec_849,C00233,m_23,true,true,true,false
rec_850,C00233,m_23,true,true,true,false
rec_851,C00233,m_23,true,true,true,false
rec_852,C00233,m_23,true,true,true,false
rec_853,C00233,m_23,true,true,true,false
rec_854,C00234,m_27,true,true,true,false
rec_855,C00234,m_27,true,true,true,false
rec_856,C00235,m_07,true,true,true,false
rec_857,C00235,m_07,true,true,true,false
rec_858,C00236,m_27,true,true,true,false
rec_859,C00236,m_27,true,true,true,false
rec_860,C00237,m_28,true,true,true,false
rec_861,C00238,m_11,true,true,true,false
rec_862,C00238,m_11,true,true,true,false
rec_863,C00238,m_11,true,true,true,false
rec_864,C00239,m_23,true,true,true,false
rec_865,C00240,m_05,true,true,true,false
rec_866,C00240,m_05,true,true,true,false
rec_867,C00240,m_05,true,true,true,false
rec_868,C00241,m_10,true,true,true,false
rec_869,C00241,m_10,true,true,true,false
rec_870,C00241,m_10,true,true,true,false
rec_871,C00242,m_05,true,true,true,false
rec_872,C00242,m_05,true,true,true,false
rec_873,C00242,m_05,true,true,true,false
rec_874,C00243,m_16,true,true,true,false
rec_875,C00243,m_16,true,true,true,false
rec_876,C00243,m_16,true,true,true,false
rec_877,C00243,m_16,true,true,true,false
rec_878,C00243,m_16,true,true,true,false
rec_879,C00244,m_05,true,true,true,false
rec_880,C00244,m_05,true,true,true,false
rec_881,C00245,m_16,true,true,true,false
rec_882,C00245,m_16,true,true,true,false
rec_883,C00245,m_16,true,true,true,false
rec_884,C00246,m_29,true,true,true,false
rec_885,C00246,m_29,true,true,true,false
rec_886,C00246,m_29,true,true,true,false
rec_887,C00246,m_29,true,true,true,false
rec_888,C00247,m_19,true,true,true,false
rec_889,C00247,m_19,true,true,true,false
rec_890,C00247,m_19,true,true,true,false
rec_891,C00247,m_19,true,true,true,false
rec_892,C00248,m_29,true,true,true,false
rec_893,C00248,m_29,true,true,true,false
rec_894,C00248,m_29,true,true,true,false
rec_895,C00248,m_29,true,true,true,false
rec_896,C00248,m_29,true,true,true,false
rec_897,C00248,m_29,true,true,true,false
rec_898,C00249,m_28,true,true,true,false
rec_899,C00249,m_28,true,true,true,false
rec_900,C00249,m_28,true,true,true,false
rec_901,C00250,m_07,true,true,true,false
rec_902,C00250,m_07,true,true,true,false
rec_903,C00250,m_07,true,true,true,false
rec_904,C00250,m_07,true,true,true,false
rec_905,C00251,m_13,true,true,true,false
rec_906,C00252,m_22,true,true,true,false
rec_907,C00252,m_22,true,true,true,false
rec_908,C00252,m_22,true,true,true,false
rec_909,C00252,m_22,true,true,true,false
rec_910,C00253,m_23,true,true,true,false
rec_911,C00253,m_23,true,true,true,false
rec_912,C00253,m_23,true,true,true,false
rec_913,C00253,m_23,true,true,true,false
rec_914,C00254,m_11,true,true,true,false
rec_915,C00254,m_11,true,true,true,false
rec_916,C00254,m_11,true,true,true,false
rec_917,C00255,m_13,true,true,true,false
rec_918,C00255,m_13,true,true,true,false
rec_919,C00256,m_22,true,true,true,false
rec_920,C00256,m_22,true,true,true,false
rec_921,C00256,m_22,true,true,true,false
rec_922,C00256,m_22,true,true,true,false
rec_923,C00257,m_23,true,true,true,false
rec_924,C00257,m_23,true,true,true,false
rec_925,C00257,m_23,true,true,true,false
rec_926,C00257,m_23,true,true,true,false
rec_927,C00257,m_23,true,true,true,false
rec_928,C00257,m_23,true,true,true,false
rec_929,C00258,m_26,true,true,true,false
rec_930,C00258,m_26,true,true,true,false
rec_931,C00258,m_26,true,true,true,false
rec_932,C00258,m_26,true,true,true,false
rec_933,C00259,m_07,true,true,true,false
rec_934,C00259,m_07,true,true,true,false
rec_935,C00259,m_07,true,true,true,false
rec_936,C00259,m_07,true,true,true,false
rec_937,C00259,m_07,true,true,true,false
rec_938,C00260,m_22,true,true,true,false
rec_939,C00260,m_22,true,true,true,false
rec_940,C00260,m_22,true,true,true,false
rec_941,C00260,m_22,true,true,true,false
rec_942,C00260,m_22,true,true,true,false
rec_943,C00261,m_22,true,true,true,false
rec_944,C00261,m_22,true,true,true,false
rec_945,C00261,m_22,true,true,true,false
rec_946,C00262,m_22,true,true,true,false
rec_947,C00262,m_22,true,true,true,false
rec_948,C00262,m_22,true,true,true,false
rec_949,C00263,m_24,true,true,true,false
rec_950,C00263,m_24,true,true,true,false
rec_951,C00263,m_24,true,true,true,false
rec_952,C00263,m_24,true,true,true,false
rec_953,C00264,m_08,true,true,true,false
rec_954,C00264,m_08,true,true,true,false
rec_955,C00264,m_08,true,true,true,false
rec_956,C00264,m_08,true,true,true,false
rec_957,C00265,m_16,true,true,true,false
rec_958,C00265,m_16,true,true,true,false
rec_959,C00265,m_16,true,true,true,false
rec_960,C00265,m_16,true,true,true,false
rec_961,C00265,m_16,true,true,true,false
rec_962,C00265,m_16,true,true,true,false
rec_963,C00266,m_01,true,true,true,false
rec_964,C00266,m_01,true,true,true,false
rec_965,C00266,m_01,true,true,true,false
rec_966,C00266,m_01,true,true,true,false
rec_967,C00267,m_22,true,true,true,false
rec_968,C00267,m_22,true,true,true,false
rec_969,C00268,m_11,true,true,true,false
rec_970,C00268,m_11,true,true,true,false
rec_971,C00268,m_11,true,true,true,false
rec_972,C00268,m_11,true,true,true,false
rec_973,C00269,m_13,true,true,true,false
rec_974,C00269,m_13,true,true,true,false
rec_975,C00269,m_13,true,true,true,false
rec_976,C00270,m_23,true,true,true,false
rec_977,C00270,m_23,true,true,true,false
rec_978,C00270,m_23,true,true,true,false
rec_979,C00270,m_23,true,true,true,false
rec_980,C00271,m_22,true,true,true,false
rec_981,C00271,m_22,true,true,true,false
rec_982,C00272,m_11,true,true,true,false
rec_983,C00272,m_11,true,true,true,false
rec_984,C00272,m_11,true,true,true,false
rec_985,C00273,m_13,true,true,true,false
rec_986,C00273,m_13,true,true,true,false
rec_987,C00273,m_13,true,true,true,false
rec_988,C00273,m_13,true,true,true,false
rec_989,C00274,m_01,true,true,true,false
rec_990,C00274,m_01,true,true,true,false
rec_991,C00274,m_01,true,true,true,false
rec_992,C00274,m_01,true,true,true,false
rec_993,C00275,m_07,true,true,true,false
rec_994,C00275,m_07,true,true,true,false
rec_995,C00275,m_07,true,true,true,false
rec_996,C00276,m_22,true,true,true,false
rec_997,C00276,m_22,true,true,true,false
rec_998,C00277,m_19,true,true,true,false
rec_999,C00277,m_19,true,true,true,false
rec_1000,C00277,m_19,true,true,true,false
rec_1001,C00277,m_19,true,true,true,false
rec_1002,C00278,m_29,true,true,true,false
rec_1003,C00278,m_29,true,true,true,false
rec_1004,C00278,m_29,true,true,true,false
rec_1005,C00278,m_29,true,true,true,false
rec_1006,C00279,m_23,true,true,true,false
rec_1007,C00279,m_23,true,true,true,false
rec_1008,C00280,m_05,true,true,true,false
rec_1009,C00280,m_05,true,true,true,false
rec_1010,C00280,m_05,true,true,true,false
rec_1011,C00281,m_05,true,true,true,false
rec_1012,C00281,m_05,true,true,true,false
rec_1013,C00281,m_05,true,true,true,false
rec_1014,C00282,m_22,true,true,true,false
rec_1015,C00282,m_22,true,true,true,false
rec_1016,C00282,m_22,true,true,true,false
rec_1017,C00282,m_22,true,true,true,false
rec_1018,C00282,m_22,true,true,true,false
rec_1019,C00282,m_22,true,true,true,false
rec_1020,C00283,m_02,true,true,true,false
rec_1021,C00284,m_28,true,true,true,false
rec_1022,C00284,m_28,true,true,true,false
rec_1023,C00284,m_28,true,true,true,false
rec_1024,C00284,m_28,true,true,true,false
rec_1025,C00285,m_30,true,true,true,false
rec_1026,C00285,m_30,true,true,true,false
rec_1027,C00285,m_30,true,true,true,false
rec_1028,C00285,m_30,true,true,true,false
rec_1029,C00285,m_30,true,true,true,false
rec_1030,C00285,m_30,true,true,true,false
rec_1031,C00286,m_11,true,true,true,false
rec_1032,C00286,m_11,true,true,true,false
rec_1033,C00287,m_22,true,true,true,false
rec_1034,C00288,m_29,true,true,true,false
rec_1035,C00288,m_29,true,true,true,false
rec_1036,C00288,m_29,true,true,true,false
rec_1037,C00288,m_29,true,true,true,false
rec_1038,C00288,m_29,true,true,true,false
rec_1039,C00288,m_29,true,true,true,false
rec_1040,C00289,m_22,true,true,true,false
rec_1041,C00289,m_22,true,true,true,false
rec_1042,C00289,m_22,true,true,true,false
rec_1043,C00289,m_22,true,true,true,false
rec_1044,C00289,m_22,true,true,true,false
rec_1045,C00290,m_10,true,true,true,false
rec_1046,C00291,m_24,true,true,true,false
rec_1047,C00291,m_24,true,true,true,false
rec_1048,C00292,m_22,true,true,true,false
rec_1049,C00292,m_22,true,true,true,false
rec_1050,C00293,m_07,true,true,true,false
rec_1051,C00293,m_07,true,true,true,false
rec_1052,C00294,m_27,true,true,true,false
rec_1053,C00294,m_27,true,true,true,false
rec_1054,C00295,m_30,true,true,true,false
rec_1055,C00296,m_01,true,true,true,false
rec_1056,C00296,m_01,true,true,true,false
rec_1057,C00296,m_01,true,true,true,false
rec_1058,C00296,m_01,true,true,true,false
rec_1059,C00296,m_01,true,true,true,false
rec_1060,C00296,m_01,true,true,true,false
rec_1061,C00297,m_10,true,true,true,false
rec_1062,C00297,m_10,true,true,true,false
rec_1063,C00297,m_10,true,true,true,false
rec_1064,C00297,m_10,true,true,true,false
rec_1065,C00297,m_10,true,true,true,false
rec_1066,C00297,m_10,true,true,true,false
rec_1067,C00298,m_29,true,true,true,false
rec_1068,C00298,m_29,true,true,true,false
rec_1069,C00299,m_07,true,true,true,false
rec_1070,C00299,m_07,true,true,true,false
rec_1071,C00299,m_07,true,true,true,false
rec_1072,C00300,m_28,true,true,true,false
rec_1073,C00300,m_28,true,true,true,false